Timestamp,UltrasonicHead,UltrasonicMid,Latitude,Longitude,GyroX,GyroY,GyroZ,IRFront,IRBack,IsHeadObstacle,IsMidObstacle,IsStaircase
1713599139.217397,487.1,183.0,0.0,0.0,-39.472459848343824,-6.036855714329688,39.85672100552545,False,True,0,0,0
1713599139.5666676,486.3,173.4,0.0,0.0,-37.09870741538958,1.8725508686343708,37.13914666273056,False,True,0,0,0
1713599140.3947296,3428.2,259.0,0.0,0.0,-36.644762956204445,4.73769093065393,36.907123358147004,False,True,0,0,0
1713599141.4417906,3450.6,245.9,0.0,0.0,-37.46681247695522,2.742145426163919,37.552331627586845,False,True,0,0,0
1713599142.379975,3425.4,152.0,0.0,0.0,-35.67456214876641,-4.095348273837169,35.877849004878385,False,True,0,0,0
1713599142.7135146,3523.4,31.2,0.0,0.0,-31.60013585653466,12.878268963326825,33.87030784524406,False,True,0,1,0
1713599143.5072458,3107.1,32.4,0.0,0.0,-35.50073859577298,5.281043103307888,35.84028697834911,True,True,0,1,1
1713599144.3640678,2860.1,33.6,0.0,0.0,-36.56831632975555,4.50141530753206,36.80590174760652,True,True,0,1,1
1713599144.6663432,2451.1,35.4,0.0,0.0,-40.46024989538105,3.1908026888570027,40.56428609636481,False,True,0,1,0
1713599145.427141,2529.9,37.8,0.0,0.0,-38.768524800671536,3.0226596651207744,38.86767170296747,False,True,0,1,0
1713599146.2467918,3548.0,32.7,0.0,0.0,-44.08769458056509,4.6421394094992765,44.28139137104126,True,False,0,1,0
1713599146.5680492,3547.7,32.3,0.0,0.0,-42.526129513496194,2.882360536477958,42.60510207751525,False,False,0,1,0
1713599147.2344654,908.6,34.4,0.0,0.0,-40.43711569552512,2.6600287855934384,40.509507063714494,False,False,0,1,0
1713599147.6678107,3481.8,193.2,0.0,0.0,-31.13640794949005,1.8559003007963017,31.186123712644214,False,True,0,0,0
1713599148.5695136,3412.5,189.7,0.0,0.0,-34.715695882146974,-5.294162532075088,35.06692196585721,False,True,0,0,0
1713599149.2443607,202.7,130.4,0.0,0.0,-37.31322291505779,-2.5757102734403188,37.389105949927384,False,True,0,0,0
1713599149.618547,3459.1,170.2,0.0,0.0,-56.14833402579454,1.928492676510903,56.17009842211334,False,True,0,0,0
1713599150.5709949,3436.5,155.3,0.0,0.0,-37.332339680353456,1.2956191044774612,37.35154144350644,False,True,0,0,0
1713599150.717652,394.0,67.8,0.0,0.0,-38.58743213684515,-0.15447734145665085,38.58769311875778,False,True,0,1,0
1713599151.3391616,113.5,66.5,0.0,0.0,-38.84263902041337,-5.013480784930741,39.11406166015222,False,True,1,1,0
1713599151.5679495,423.1,144.4,0.0,0.0,-35.09357895473983,1.0877534622597576,35.10827093978016,False,True,0,0,0
1713599152.20849,422.4,55.4,0.0,0.0,-38.65204591313666,-0.3976194834753176,38.65377096994582,False,True,0,1,0
1713599152.5681381,408.9,139.4,0.0,0.0,-35.94911983089771,0.8334785541136577,35.95747846108615,False,True,0,0,0
1713599153.212209,427.4,134.6,0.0,0.0,-31.71583599065252,-1.0778023562291754,31.73223538008647,False,True,0,0,0
1713599153.6681595,3441.8,132.5,0.0,0.0,-36.91891689769648,3.3115565802512,37.046066536553326,False,True,0,0,0
1713599154.5678937,3476.6,126.0,0.0,0.0,-35.33146505322629,0.776845191700987,35.338893651703046,False,True,0,0,0
1713599155.2117307,421.6,121.2,0.0,0.0,-30.894405208855538,-1.5160865525047025,30.92790938436242,False,True,0,0,0
1713599155.5682049,398.5,49.2,0.0,0.0,-36.50225078604615,-6.083457335344967,36.93604513360029,False,True,0,1,0
1713599156.2018688,334.2,47.5,0.0,0.0,-39.064362992045936,-2.6129027984707864,39.137697762359096,False,True,0,1,0
1713599156.6678762,3399.2,161.7,0.0,0.0,-32.67380833396444,-10.038339862607904,34.01701555757693,True,True,0,0,1
1713599157.4301755,396.6,160.9,0.0,0.0,-40.518217207556894,-8.115275526473386,41.18504231681435,True,True,0,0,1
1713599158.221381,388.7,288.4,0.0,0.0,-43.20185325921466,-16.355484794981955,45.61724691447549,True,True,0,0,1
1713599158.5674376,383.7,132.3,0.0,0.0,-35.12085560723497,0.6416083640520125,35.12596277748036,True,True,0,0,1
1713599158.6924543,52.3,123.5,0.0,0.0,-36.356918890334434,2.786773818017651,36.44886921565391,True,True,1,0,1
1713599159.332966,382.4,126.5,0.0,0.0,-33.84144848207122,-1.563287185087396,33.873241090477364,True,True,0,0,1
1713599159.5660982,383.1,264.2,0.0,0.0,-36.07475505637749,-10.273327107856405,37.31718464112482,False,True,0,0,0
1713599160.215835,383.2,270.5,0.0,0.0,-63.64812977214652,-9.392587378063752,64.02801689505232,True,True,0,0,1
1713599160.7137327,384.3,3756.0,0.0,0.0,-40.065164040878095,4.838512548198882,40.307327146343006,False,True,0,0,0
1713599161.5050561,384.6,270.7,0.0,0.0,-39.9868862449642,3.497314365147345,40.11394272240947,False,True,0,0,0
1713599161.6669822,382.9,136.0,0.0,0.0,-38.75669511332901,3.1998468458288825,38.867835997351875,True,True,0,0,1
1713599162.3090677,384.8,131.8,0.0,0.0,-37.20240945885334,6.098654581208838,37.62750722363507,True,True,0,0,1
1713599162.5672584,384.8,132.9,0.0,0.0,-38.29488455038085,-1.8534231268738406,38.332830493729865,True,True,0,0,1
1713599162.7139368,383.0,136.9,0.0,0.0,-36.97217645539714,1.8056013352218805,37.00995015430587,True,True,0,0,1
1713599163.362859,383.4,268.7,0.0,0.0,-68.31546174974282,2.224481425130166,68.3326293648724,False,True,0,0,0
1713599163.5670636,384.7,135.9,0.0,0.0,-38.57427738483193,-1.057000073342882,38.58650006698199,True,True,0,0,1
1713599164.357179,383.2,269.0,0.0,0.0,-12.419419160770518,-14.865997625294908,19.28087904818362,False,True,0,0,0
1713599164.5701613,417.4,120.8,0.0,0.0,-36.987181473558245,1.0579830967850516,37.000147742249005,True,True,0,0,1
1713599164.716833,376.4,108.3,0.0,0.0,-34.403818811334446,4.366308489254155,34.645898387839075,True,True,0,0,1
1713599165.3499572,271.3,110.8,0.0,0.0,-37.38251511769061,2.126093512562334,37.43410575731205,True,True,0,0,1
1713599165.5702374,366.1,93.9,0.0,0.0,-37.578770567812356,1.9639911066500495,37.622487771920675,True,True,0,0,1
1713599165.7168949,367.8,93.1,0.0,0.0,-36.284865602701835,2.425210836729195,36.354709218599616,True,True,0,0,1
1713599166.3519006,328.3,94.5,0.0,0.0,-34.31068719026393,0.7209767847862959,34.31733365987852,True,True,0,0,1
1713599166.5682678,365.8,211.5,0.0,0.0,-42.16978441534796,-1.721388967062792,42.19832275148116,True,True,0,0,1
1713599166.714936,364.0,79.7,0.0,0.0,-39.76406051721862,0.23691982704815195,39.76464918192009,True,True,0,1,1
1713599167.351829,362.6,74.2,0.0,0.0,-35.117560807660865,0.48525384440799324,35.120482571166676,True,True,0,1,1
1713599167.567288,388.8,60.8,0.0,0.0,-37.1083884437388,2.7104736407466707,37.19303518097077,False,True,0,1,0
1713599167.7139406,359.3,26.7,0.0,0.0,-38.27920927296632,-0.4293088449040775,38.28124729227655,False,True,0,1,0
1713599168.5325644,3526.6,44.6,0.0,0.0,-38.56942995740776,-3.166487640864292,38.67899881270228,False,True,0,1,0
1713599168.692244,350.7,169.9,0.0,0.0,-30.46725834415423,-7.0718762929492796,31.200250745265866,True,True,0,0,1
1713599169.3335059,351.3,169.2,0.0,0.0,-36.07687534222301,2.6912164034423305,36.16351736571274,True,True,0,0,1
1713599169.5673716,352.9,169.9,0.0,0.0,-38.990027889368065,3.5846185118361458,39.12829869205623,True,True,0,0,1
1713599169.7140086,352.3,169.9,0.0,0.0,-33.515279235025645,3.1604307501844717,33.646633637661836,True,True,0,0,1
1713599170.3551638,352.3,167.9,0.0,0.0,-38.770970119920285,3.173411262430689,38.880229197261954,True,True,0,0,1
1713599170.567374,350.5,165.9,0.0,0.0,-37.201525791868534,3.4142547536984282,37.33529442846322,True,True,0,0,1
1713599171.349363,349.5,163.2,0.0,0.0,-40.04310228132629,0.9402085486132157,40.05228069625643,True,True,0,0,1
1713599171.5672483,348.8,157.8,0.0,0.0,-35.564610936110824,1.0682137480615999,35.57853524970001,True,True,0,0,1
1713599172.220601,347.0,369.5,0.0,0.0,-36.128425672916315,4.530034689776072,36.37291019095148,False,True,0,0,0
1713599172.5671484,347.5,152.4,0.0,0.0,-39.91451657382022,0.1001047098200337,39.91462110805051,False,True,0,0,0
1713599172.7137992,344.3,149.0,0.0,0.0,-36.724585297832064,-2.7537984666895525,36.813181180746554,False,True,0,0,0
1713599173.3552926,371.7,147.3,0.0,0.0,-35.03036245801839,-2.1241213905223835,35.08648489623174,False,True,0,0,0
1713599173.5669703,343.0,146.0,0.0,0.0,-36.962488491421624,1.439998145725003,36.98652683994736,False,True,0,0,0
1713599173.6920285,87.3,146.7,0.0,0.0,-37.8572216491831,0.21517433960111917,37.85774146272724,False,True,1,0,0
1713599174.3213184,170.4,147.1,0.0,0.0,-38.77547656934326,2.603210185730888,38.84902237248079,False,True,0,0,0
1713599174.56715,341.9,142.3,0.0,0.0,-36.375118883059066,-1.768314517249171,36.41214546346703,False,True,0,0,0
1713599174.7137928,342.0,142.8,0.0,0.0,-38.2917419508056,-1.3501087307870943,38.31188410126447,False,True,0,0,0
1713599175.33584,59.4,141.8,0.0,0.0,-37.15335153423642,-1.6926984656182633,37.18633369152638,False,True,1,0,0
1713599175.5669045,341.0,137.3,0.0,0.0,-35.689066675657784,-6.703963164064168,36.230912808000575,False,True,0,0,0
1713599175.7135758,342.1,137.9,0.0,0.0,-36.502285406487026,-1.3520275949382763,36.52383518877594,False,True,0,0,0
1713599176.3532577,343.1,137.1,0.0,0.0,-36.74965752779269,3.23281259669821,36.87158843209439,False,True,0,0,0
1713599176.5672603,340.8,134.9,0.0,0.0,-37.893601624072474,-1.5445345850405048,37.92034027353305,True,True,0,0,1
1713599176.7139053,303.9,135.4,0.0,0.0,-34.5982213606168,-0.21894628531911112,34.598827804279715,True,True,0,0,1
1713599177.33726,80.8,133.9,0.0,0.0,-40.74397327451634,-10.40745037756872,41.8263793783364,True,True,1,0,1
1713599177.5659952,338.2,132.7,0.0,0.0,-38.73021592467347,-5.534359829003274,39.06203242333279,True,True,0,0,1
1713599177.7126708,299.3,128.1,0.0,0.0,-38.82288104419323,4.364019631730029,39.02885881748705,True,True,0,0,1
1713599178.3486266,297.6,124.3,0.0,0.0,-39.52215697817626,-1.6228182822680812,39.550004310901826,True,True,0,0,1
1713599178.5666165,332.9,114.6,0.0,0.0,-38.35199981914594,1.0975967467735221,38.36528461656937,True,True,0,0,1
1713599178.7133045,285.0,108.8,0.0,0.0,-37.37185033141929,-2.310666477649253,37.43280300486325,False,True,0,0,0
1713599179.341489,187.1,107.4,0.0,0.0,-61.86393940977817,-1.4021242937494165,61.87311298296458,False,True,0,0,0
1713599179.5673304,329.5,247.6,0.0,0.0,-34.870646271313575,-1.8701145613537462,34.9144155168391,False,True,0,0,0
1713599180.3821826,3400.5,94.8,0.0,0.0,-35.98468260604973,-1.4319898152841644,36.009317983105156,False,True,0,0,0
1713599180.71347,3466.3,166.9,0.0,0.0,-37.75541879934802,1.9753013934331112,37.799359981089864,False,True,0,0,0
1713599181.332103,49.3,79.9,0.0,0.0,-32.85241858458857,-5.781366275831421,33.301013008743816,False,True,1,1,0
1713599181.566682,234.6,74.2,0.0,0.0,-38.28163796497269,-6.289654287918952,38.7165293069639,False,True,0,1,0
1713599181.7133386,233.9,120.4,0.0,0.0,-39.28940686250036,-2.4844205592440827,39.35518404116917,False,True,0,0,0
1713599182.3424845,232.0,70.2,0.0,0.0,-38.284374075471845,-3.789018127368478,38.44276697468859,False,True,0,1,0
1713599182.566846,221.6,58.6,0.0,0.0,-32.53580935527962,-1.4294058851195768,32.56374662232934,False,True,0,1,0
1713599182.7135375,221.3,58.9,0.0,0.0,-38.09538590361768,2.058709518227796,38.14253392381818,False,True,0,1,0
1713599183.341136,222.0,60.0,0.0,0.0,-38.1171570207136,0.8190540960921984,38.124617895708305,False,True,0,1,0
1713599183.5664675,221.3,59.5,0.0,0.0,-36.54118043582899,-4.288568235817873,36.75710689700567,False,True,0,1,0
1713599183.71314,181.0,58.2,0.0,0.0,-35.38732586949174,-4.035111402288121,35.58678625116725,False,True,0,1,0
1713599184.3469746,226.7,164.4,0.0,0.0,-37.58712115938686,-3.3633471289941994,37.715144537047046,False,True,0,0,0
1713599184.567546,250.3,224.2,0.0,0.0,-36.46606655212677,-2.9742608601376355,36.57037098993479,False,True,0,0,0
1713599184.7141926,250.2,223.3,0.0,0.0,-36.888025942861205,-3.904477360204015,37.06486012397217,False,True,0,0,0
1713599185.353074,250.6,222.2,0.0,0.0,-38.53150241839742,-4.450908787168292,38.74797509771195,False,True,0,0,0
1713599185.5732372,313.2,130.6,0.0,0.0,-37.37318212642117,-4.435488688096602,37.597268335138104,False,True,0,0,0
1713599185.7199228,311.4,127.6,0.0,0.0,-34.332869470909976,-4.559721898079391,34.59748370004426,False,True,0,0,0
1713599186.3564537,309.3,125.3,0.0,0.0,-36.801176340481035,-5.367411288920721,37.13567550648197,False,True,0,0,0
1713599186.5729809,92.1,111.1,0.0,0.0,-36.150261096014766,-1.7347179350642483,36.18618896508125,False,True,1,0,0
1713599186.719652,235.5,106.1,0.0,0.0,-45.16209446715081,3.447854954796007,45.26512574674089,False,True,0,0,0
1713599187.3555832,304.1,111.2,0.0,0.0,-35.53166027589998,-2.1989165666304427,35.590697090979376,False,True,0,0,0
1713599187.5679498,96.5,139.1,0.0,0.0,-40.2034944030267,-5.637792612712644,40.5303156601744,False,True,1,0,0
1713599187.7146206,303.0,99.3,0.0,0.0,-35.05080810183777,-1.0958337351258214,35.06574280541008,False,True,0,0,0
1713599188.3521247,302.7,149.0,0.0,0.0,-37.02197307663683,0.28207278574924527,37.02289374526123,False,True,0,0,0
1713599188.5657547,216.5,126.6,0.0,0.0,-37.07933693582768,0.26495084003390335,37.080147538488056,False,True,0,0,0
1713599188.7207735,298.6,86.9,0.0,0.0,-38.72015531045361,-0.6158166301683814,38.72428292394612,False,True,0,1,0
1713599189.3417125,58.1,113.9,0.0,0.0,-34.411829604965,0.023765125196492813,34.41183679988237,False,True,1,0,0
1713599189.5666022,223.7,71.2,0.0,0.0,-30.58379009161867,-4.113065345712871,30.832562066786462,False,True,0,1,0
1713599190.306398,294.7,75.5,0.0,0.0,-35.22934924844921,0.03862615364901168,35.22936768538447,False,True,0,1,0
1713599190.5665166,294.6,74.1,0.0,0.0,-36.45416704951092,0.11407126807076214,36.45432076472169,False,True,0,1,0
1713599191.329717,2513.9,103.2,0.0,0.0,-34.509315306991205,-0.6768670841396469,34.51513006295051,False,True,0,0,0
1713599191.5667875,295.6,132.8,0.0,0.0,-36.71923386727813,0.30643152899153975,36.7203324364722,False,True,0,0,0
1713599191.708441,156.9,130.9,0.0,0.0,-37.80285398526391,-0.7581099101103352,37.80931866201719,False,True,0,0,0
1713599192.3448453,296.0,130.8,0.0,0.0,-35.9585082986578,1.2529077622783562,35.97738691430182,False,True,0,0,0
1713599192.566688,295.4,130.8,0.0,0.0,-39.58184174290003,2.457302213479026,39.64552688839025,False,True,0,0,0
1713599192.7217002,290.8,128.1,0.0,0.0,-36.887019847203845,-3.2863001381605508,37.01238557651942,False,True,0,0,0
1713599193.3555067,295.0,92.5,0.0,0.0,-36.82466216108799,-3.6015220630322298,36.97551981764529,False,True,0,0,0
1713599193.7002025,3443.6,82.2,0.0,0.0,-37.15705850000845,3.8186582723661946,37.324584592529796,False,True,0,1,0
1713599194.487925,2924.2,113.7,0.0,0.0,-21.592403435625698,-0.9303559708283969,21.611480235506605,False,True,0,0,0
1713599195.414751,3425.3,109.7,0.0,0.0,-35.61085243866876,9.170269625245968,36.62091958902859,True,True,0,0,1
1713599195.5823526,719.7,113.0,0.0,0.0,-40.61481577266216,-2.2676024877052914,40.66710749331801,False,False,0,0,0
1713599196.5057268,3411.0,124.4,0.0,0.0,-34.431479710992534,-1.424072584138178,34.45728599570352,False,False,0,0,0
1713599197.4260473,3410.4,126.2,0.0,0.0,-38.79706868139141,-18.100064183014524,42.200119513732034,False,True,0,0,0
1713599198.2456212,3447.5,119.3,0.0,0.0,-37.054296073420524,8.008620480746359,37.78818231639832,True,True,0,0,1
1713599198.6996264,3381.0,156.9,0.0,0.0,-46.98527050210742,7.9088851757757,47.49166228076576,False,False,0,0,0
1713599199.5652065,3416.7,149.1,0.0,0.0,-53.41667817122912,0.35466703208366707,53.41749290267025,True,True,0,0,1
1713599200.3866796,3468.8,141.7,0.0,0.0,-55.48380689463805,3.394261276403031,55.552898962602484,True,True,0,0,1
1713599200.72158,3486.6,135.5,0.0,0.0,-48.76130704946485,2.2559056780294857,48.80022222068581,False,True,0,0,0
1713599201.5665073,3358.1,143.0,0.0,0.0,-42.257285508155725,10.099438741000872,43.22547457967056,True,True,0,0,1
1713599202.3241045,514.8,131.2,0.0,0.0,-57.37720518895008,11.454459620134507,58.104715694693006,False,False,0,0,0
1713599202.566557,306.9,142.3,0.0,0.0,-52.51120186223727,2.9572724348296724,52.5697035411702,False,False,0,0,0
1713599203.3005872,1753.3,143.2,0.0,0.0,-55.960273812817924,4.554134933411883,56.082384902398076,False,False,0,0,0
1713599203.5667744,300.5,224.4,0.0,0.0,-64.78458713275253,-1.6962353043599987,64.79640907655559,False,True,0,0,0
1713599203.7218025,281.2,126.3,0.0,0.0,-39.137566045005805,1.6014425260871639,39.16505850627742,False,True,0,0,0
1713599204.3533416,231.2,125.0,0.0,0.0,-63.87709397158011,14.403239238427412,64.75693987257449,False,True,0,0,0
1713599204.566844,71.1,118.2,0.0,0.0,-41.00063974748338,9.965170425532056,41.98532700619389,True,True,1,0,1
1713599205.3808093,3410.6,58.2,0.0,0.0,-49.93014063944615,7.063761552403208,50.29497803271145,True,True,0,1,1
1713599205.6664765,2453.8,57.4,0.0,0.0,-47.002275241955715,4.465848980090527,47.16426417702458,True,True,0,1,1
1713599206.3036072,385.8,58.5,0.0,0.0,-47.61193297891897,4.268340492611322,47.75681450284826,True,True,0,1,1
1713599207.3302963,3376.3,3750.6,0.0,0.0,-47.2337506447552,-5.109713058453052,47.443992761907936,False,False,0,0,0
1713599208.4280944,3487.6,398.5,0.0,0.0,-51.121481583581804,0.6301658123462719,51.12427560490093,False,True,0,0,0
1713599209.2603233,16.0,3782.1,0.0,0.0,-48.888275833048425,8.362538162359819,49.417797481633514,True,True,1,0,1
1713599209.566239,263.4,622.5,0.0,0.0,-56.31742652662453,6.72400801757788,56.579685619944385,True,True,0,0,1
1713599210.4187512,3512.8,621.9,0.0,0.0,-55.629096187292056,0.31962329543559964,55.62970594556984,True,False,0,0,0
1713599210.6159158,313.9,612.9,0.0,0.0,-52.21583838709721,5.6181670172666225,52.42889672508512,False,False,0,0,0
1713599211.2453818,262.5,49.8,0.0,0.0,-51.37148594885418,-7.151288039329899,51.72677660612032,False,False,0,1,0
1713599211.5664067,234.8,604.6,0.0,0.0,-54.258983097510125,-13.405231042832625,55.37465304988192,False,True,0,0,0
1713599212.226953,242.3,597.1,0.0,0.0,-53.65890701634725,1.8318409714813708,53.68044542137377,False,True,0,0,0
1713599212.566535,298.7,446.5,0.0,0.0,-54.81262964287079,1.9645165738837809,54.836370630761266,False,True,0,0,0
1713599213.3081691,297.0,353.6,0.0,0.0,-55.12376297264331,-6.2376766832240556,55.35984923781002,False,True,0,0,0
1713599213.566415,231.7,480.9,0.0,0.0,-49.24763821353195,-2.3663602472119676,49.2897282824337,False,True,0,0,0
1713599214.279322,288.5,427.3,0.0,0.0,-49.86544931431686,-6.4829969234060405,50.173653049683715,False,True,0,0,0
1713599215.2589815,224.3,3742.8,0.0,0.0,-45.86598004377955,-0.193362544171368,45.866296607010156,False,True,0,0,0
1713599215.5668948,275.7,537.7,0.0,0.0,-41.98436653760023,6.065107630759657,42.33953081566472,False,True,0,0,0
1713599216.567316,270.8,3713.3,0.0,0.0,-34.412407271988336,-14.10836761272477,36.85973063605536,False,True,0,0,0
1713599217.353663,305.2,413.3,0.0,0.0,-35.84761051057587,-2.4695160862912293,35.921195340340915,False,True,0,0,0
1713599217.5644383,295.9,125.7,0.0,0.0,-46.11354945052294,-10.469237037059251,47.0240809323705,False,True,0,0,0
1713599218.4906657,3419.2,117.0,0.0,0.0,-32.79707658082164,-0.3394770581503373,32.79863725829396,False,True,0,0,0
1713599218.6652114,291.2,374.4,0.0,0.0,-59.39846986220312,13.648927374631214,60.35079835074649,False,True,0,0,0
1713599219.5012903,3465.3,371.1,0.0,0.0,-34.17999574225819,-3.430638367603678,34.3308994542742,False,True,0,0,0
1713599219.6649246,269.6,397.0,0.0,0.0,-34.148872262602474,3.770225724240059,34.33125730565815,False,True,0,0,0
1713599220.3161662,268.6,393.9,0.0,0.0,-34.2814727810146,0.7979272487598981,34.28962247070741,False,True,0,0,0
1713599220.6154406,336.8,2876.2,0.0,0.0,-34.37558492788936,-4.132460322528699,34.5927369115605,True,True,0,0,1
1713599221.2625551,273.9,339.4,0.0,0.0,-59.17963484823514,-9.732427308544356,59.67034690653847,False,True,0,0,0
1713599221.5653706,52.5,1.3,0.0,0.0,-38.546932553953425,-6.139536255703524,38.95753607170524,False,True,1,1,0
1713599222.3069634,47.2,112.9,0.0,0.0,-36.94316586615345,-4.927105938935412,37.223796700636505,False,True,1,0,0
1713599222.5653667,319.5,311.8,0.0,0.0,-54.316883486223716,4.425803348496561,54.43948142927914,False,True,0,0,0
1713599222.7203836,355.3,309.1,0.0,0.0,-37.32936917813175,0.8775642164757048,37.33818073314321,False,True,0,0,0
1713599223.3530312,51.4,306.2,0.0,0.0,-36.50443876508719,0.8327841724502534,36.51261556825268,False,True,1,0,0
1713599223.5653512,46.1,119.0,0.0,0.0,-37.52975849617941,3.8665764597263577,37.69921321698848,False,True,1,0,0
1713599223.6987252,42.5,279.8,0.0,0.0,-39.37348187972928,5.7062184050311995,39.718187989635005,True,True,1,0,1
1713599224.4975803,2937.2,291.0,0.0,0.0,-38.09364322244735,2.3772526360878072,38.156501103617096,False,True,0,0,0
1713599225.4404404,3411.2,290.5,0.0,0.0,-37.789167640952186,3.8180287367822876,37.95286943888353,True,True,0,0,1
1713599225.5820694,38.8,287.8,0.0,0.0,-38.075278821047455,2.8775922222545574,38.16740513980581,False,True,1,0,0
1713599225.7286727,35.9,289.4,0.0,0.0,-37.14082182677106,3.076872993855491,37.24973591311468,False,True,1,0,0
1713599226.3592393,34.3,288.8,0.0,0.0,-36.88016202758894,3.0251782948049337,36.98645113513462,False,True,1,0,0
1713599226.565665,309.1,289.3,0.0,0.0,-37.54686851156963,3.507634155787904,37.686292634081376,False,True,0,0,0
1713599226.728983,310.1,290.1,0.0,0.0,-38.07444886882937,3.9324566820063205,38.24631966434025,False,True,0,0,0
1713599227.3729076,278.4,287.2,0.0,0.0,-38.5393697696798,1.5171325112548342,38.564577369066456,False,True,0,0,0
1713599227.5656183,270.0,270.4,0.0,0.0,-34.59228868750995,2.974749771538912,34.70407923156719,True,True,0,0,1
1713599228.327887,274.1,336.0,0.0,0.0,-35.21399266786674,3.964283909125735,35.4077645539206,False,True,0,0,0
1713599228.5647242,277.0,256.6,0.0,0.0,-57.67828274460682,15.109242288442672,58.92301195191348,True,True,0,0,1
1713599228.7280576,294.3,248.5,0.0,0.0,-39.20809278362914,6.007104291569165,39.59216303663042,True,True,0,0,1
1713599229.3718817,322.6,239.5,0.0,0.0,24.55884667233854,-23.817152223313325,33.68722527443633,False,True,0,0,0
1713599229.5653596,290.7,248.8,0.0,0.0,-35.28849080095951,-8.400131981462188,36.14791439022838,False,True,0,0,0
1713599229.728708,289.6,229.8,0.0,0.0,-48.57271718458205,-3.4168230302659888,48.66253471785237,False,True,0,0,0
1713599230.368706,268.5,222.6,0.0,0.0,-32.58221454653232,-6.155115741767307,33.0954460820154,False,True,0,0,0
1713599230.5658798,307.3,203.8,0.0,0.0,-34.648330512907975,-4.236858332389586,34.874253659272895,True,True,0,0,1
1713599230.720889,276.5,219.3,0.0,0.0,-36.385383438005825,-2.700532919696252,36.47164788064771,True,True,0,0,1
1713599231.3623276,276.8,216.9,0.0,0.0,-36.49172166460177,-0.3987476539070048,36.49359732692147,False,True,0,0,0
1713599231.5665927,305.0,208.0,0.0,0.0,-36.33763630645426,1.7356297406952659,36.37335631744001,False,True,0,0,0
1713599231.7215796,306.7,204.5,0.0,0.0,-44.62777758328748,-13.375728347931975,46.181169706254245,False,True,0,0,0
1713599232.3633654,304.0,196.4,0.0,0.0,-20.170108868335873,13.220007671852432,23.964490603866636,True,True,0,0,1
1713599232.5653708,294.4,172.5,0.0,0.0,-41.80752738706798,-6.005325788109979,42.157908631437934,False,True,0,0,0
1713599233.3800569,3322.9,169.1,0.0,0.0,-38.71422415924204,-9.97568070519262,39.782547313392776,False,True,0,0,0
1713599233.5668054,291.7,165.3,0.0,0.0,-49.42720294060756,-0.7881545234372623,49.43184450333411,False,True,0,0,0
1713599233.708515,209.8,160.5,0.0,0.0,-38.62832013926004,-0.8870672414507162,38.63691245823329,False,True,0,0,0
1713599234.3457172,285.2,155.4,0.0,0.0,-60.70209412023554,14.78066800278903,61.76053211728245,False,True,0,0,0
1713599234.5673614,280.1,143.0,0.0,0.0,-39.19230514590174,6.506936812488099,39.64281224824414,True,True,0,0,1
1713599234.7090507,279.3,169.5,0.0,0.0,-37.00170924687412,1.2237776553868243,37.019047580477384,True,True,0,0,1
1713599235.348763,309.1,156.3,0.0,0.0,-35.808359737451134,4.853461493126556,36.09215252921654,True,True,0,0,1
1713599235.5655527,337.4,162.8,0.0,0.0,-35.2664261280863,-2.8579074891534044,35.36707225585231,True,True,0,0,1
1713599235.70724,83.1,148.3,0.0,0.0,-36.74026940658076,-4.836571126112684,37.01271033006527,True,True,1,0,1
1713599236.3333285,85.2,161.6,0.0,0.0,-36.1373605145736,-7.513933048870919,36.805804292673756,True,True,1,0,1
1713599236.5666864,81.8,145.5,0.0,0.0,-36.01055082284869,-3.6686750828570562,36.171781969369675,True,True,1,0,1
1713599236.7000055,81.9,143.4,0.0,0.0,-37.22279283719577,-3.273297399222692,37.345667914584105,True,True,1,0,1
1713599237.3246524,80.7,143.8,0.0,0.0,-35.827086218081504,-5.651573354408617,36.211079781611225,True,True,1,0,1
1713599237.5653553,65.2,150.7,0.0,0.0,-35.38988669508982,2.98495887915554,35.49916706104273,True,True,1,0,1
1713599237.6903887,61.7,151.2,0.0,0.0,-37.18923207621058,1.5835885895193837,37.21806339838561,True,True,1,0,1
1713599238.3137724,58.3,150.7,0.0,0.0,-37.13195875340371,-0.3632468870142478,37.13347946895736,True,True,1,0,1
1713599238.5664272,50.7,123.0,0.0,0.0,-33.80016961986827,9.652807021360873,34.993441291058666,True,True,1,0,1
1713599238.7131054,297.7,124.2,0.0,0.0,-35.00940703959728,-21.803909090928514,40.494980279291525,False,True,0,0,0
1713599239.3492234,302.8,126.4,0.0,0.0,-44.82859131427324,7.333991300793712,45.29821676287161,False,True,0,0,0
1713599239.5666392,157.0,128.0,0.0,0.0,-37.01561140745353,4.437881054204168,37.2428496230152,False,True,0,0,0
1713599239.7133205,320.4,128.5,0.0,0.0,-38.596118909807856,2.8129471169447724,38.6825307473317,False,True,0,0,0
1713599240.3497143,300.4,129.7,0.0,0.0,-40.908770450071295,3.5852009533625107,41.03801194957148,False,True,0,0,0
1713599240.5659564,193.9,123.8,0.0,0.0,-34.807786606981956,1.1697613395914617,34.824958222968846,False,True,0,0,0
1713599240.7126153,296.2,124.0,0.0,0.0,-36.52731054831928,3.1501616954909726,36.64403594871086,False,True,0,0,0
1713599241.3481722,297.1,122.8,0.0,0.0,-37.768852400005635,5.4290610243184245,38.09934817260994,False,True,0,0,0
1713599241.5674067,253.6,124.1,0.0,0.0,-37.32589611267293,-2.8319063806665365,37.41756369838517,False,True,0,0,0
1713599241.7140527,307.2,123.7,0.0,0.0,-36.979027497889525,0.3679907302007824,36.98059687789197,False,True,0,0,0
1713599242.350074,305.8,123.6,0.0,0.0,-37.13811219542333,0.19721508142312538,37.138560356270986,False,True,0,0,0
1713599242.5666099,236.5,123.5,0.0,0.0,-36.99371886664496,0.5674949287008066,36.997449080057656,False,True,0,0,0
1713599242.7132862,299.8,122.9,0.0,0.0,-37.06805419599583,-1.0164087078099668,37.079986534783615,False,True,0,0,0
1713599243.3489463,297.3,123.4,0.0,0.0,-37.76293428735844,-2.270026602486137,37.82093946237657,False,True,0,0,0
1713599243.5664861,198.3,123.1,0.0,0.0,-37.70381263002047,-1.153090261029314,37.718820171645554,False,True,0,0,0
1713599243.713166,298.2,123.1,0.0,0.0,-37.699733610555676,-0.47089211610933396,37.70223720047025,False,True,0,0,0
1713599244.348533,293.7,122.6,0.0,0.0,-37.602847263533675,0.012768808625755199,37.60284911090534,False,True,0,0,0
1713599244.5667243,298.2,123.2,0.0,0.0,-38.14219133205008,0.3951627021569756,38.143926570352434,False,True,0,0,0
1713599245.2970393,1731.1,122.8,0.0,0.0,-38.15009394794655,-0.0634964910819542,38.15013873919898,False,True,0,0,0
1713599245.5686395,80.5,122.7,0.0,0.0,-36.882638535007615,0.4586622084239642,36.88508509666147,False,True,1,0,0
1713599245.6936753,82.4,79.0,0.0,0.0,-38.431343258102245,0.13872166551171025,38.43155489823889,False,True,1,1,0
1713599246.313077,82.7,60.8,0.0,0.0,-38.278671441710785,-0.30347260615420374,38.27968984995622,False,True,1,1,0
1713599246.5657954,84.5,122.4,0.0,0.0,-37.94079340258633,0.5341294561689109,37.94398668405378,False,True,1,0,0
1713599246.6991305,86.7,121.8,0.0,0.0,-37.7601044900603,0.279765814175999,37.76098629737927,False,True,1,0,0
1713599247.3241043,87.3,122.3,0.0,0.0,-38.483797197168535,0.8067897431876893,38.49094172916139,False,True,1,0,0
1713599247.5666318,89.2,122.4,0.0,0.0,-38.19609177803892,1.2076320377724057,38.21226333040355,False,True,1,0,0
1713599247.6916804,91.0,122.3,0.0,0.0,-39.366016296933196,1.498392960250145,39.389890531682894,False,True,1,0,0
1713599248.3152437,91.6,122.2,0.0,0.0,-37.20584165728377,0.5769802625318664,37.20966804662839,False,True,1,0,0
1713599248.5669043,90.4,120.4,0.0,0.0,-38.72941433865826,9.575097360265378,39.71420464642796,False,True,1,0,0
1713599249.3574092,2957.8,126.4,0.0,0.0,-37.972533555271745,2.2475046536639196,38.028967234186915,False,True,0,0,0
1713599249.5671797,203.5,123.4,0.0,0.0,-59.48052789808558,4.749013291985139,59.596414408405806,False,True,0,0,0
1713599250.202956,299.2,118.7,0.0,0.0,-39.05372355819758,4.713586770621733,39.291952001247545,False,True,0,0,0
1713599250.566515,215.3,109.2,0.0,0.0,-34.30566832315845,7.020978839194004,34.93037615888262,False,True,0,0,0
1713599251.207632,400.4,104.8,0.0,0.0,-39.549454896827,4.507964652226164,39.763613474624606,False,True,0,0,0
1713599251.5666754,57.7,92.7,0.0,0.0,-36.35145461961564,-1.6525258164928722,36.38382106135227,False,True,1,0,0
1713599252.1972997,239.7,92.5,0.0,0.0,-35.773038221890864,1.729135286205022,35.80923279410066,False,True,0,0,0
1713599252.5667934,282.9,82.1,0.0,0.0,-37.94331037312994,1.9406853774646762,37.985439990537735,False,True,0,1,0
1713599253.1996121,283.1,77.1,0.0,0.0,-37.03320462165083,-3.7006525404493202,37.19126474348377,False,True,0,1,0
1713599253.5720012,279.5,69.9,0.0,0.0,-34.963175030879206,1.533784080225354,34.99252166648066,False,True,0,1,0
1713599254.2038088,280.1,73.0,0.0,0.0,-35.79984588227281,9.764789541601985,36.93526724412948,True,True,0,1,1
1713599254.5686536,1195.8,54.5,0.0,0.0,-23.421850214429988,3.7197445870869172,23.69894307278107,False,True,0,1,0
1713599255.2043111,361.2,50.0,0.0,0.0,-34.13723953536449,-0.1910420673981555,34.13770929227392,False,True,0,1,0
1713599255.566876,239.2,44.8,0.0,0.0,-52.28240487279033,0.30695152638544154,52.28304075423112,False,True,0,1,0
1713599255.7135258,286.9,39.7,0.0,0.0,-30.896769228448477,3.398007508950964,31.064691205611194,False,True,0,1,0
1713599256.3449442,298.1,37.9,0.0,0.0,-35.03680834368321,6.776058985081641,35.6036074749944,False,True,0,1,0
1713599256.5665739,267.0,18.1,0.0,0.0,-36.047219187730384,-0.7326328938944202,36.0536544650237,True,True,0,1,1
1713599257.1842477,90.6,31.3,0.0,0.0,-32.64464013491648,-1.4068601482166454,32.67159046764719,True,True,1,1,1
1713599257.5679488,288.5,37.1,0.0,0.0,-34.60788391509222,-2.6810893844187014,34.69866757255253,False,True,0,1,0
1713599258.1973288,268.4,47.0,0.0,0.0,-37.50829918172173,-3.413211820594522,37.640514792320815,False,True,0,1,0
1713599258.5659082,305.6,57.1,0.0,0.0,-32.99267476759883,-1.8723220100012459,33.039761578004516,False,True,0,1,0
1713599259.199063,310.0,71.1,0.0,0.0,-35.63518686894747,-4.850820994279719,35.92047311905064,True,True,0,1,1
1713599259.5683348,86.8,73.6,0.0,0.0,-31.783418990636033,0.19708166993649848,31.783966014969405,True,True,1,1,1
1713599260.2032082,313.8,82.2,0.0,0.0,-41.32225292027721,0.5852264430326888,41.32565217949464,False,True,0,1,0
1713599260.5686524,257.1,87.8,0.0,0.0,-49.333536593098245,4.198253553697528,49.46548801721787,False,False,0,1,0
1713599261.2024868,304.3,89.4,0.0,0.0,-40.44607402584488,3.1123436959296558,40.54511267733636,False,False,0,1,0
1713599261.5683472,314.3,105.2,0.0,0.0,-39.40800564842078,0.6209877758056532,39.41210114928154,False,False,0,0,0
1713599262.2030578,311.6,95.3,0.0,0.0,-37.410733487578305,-4.135315315609624,37.60532991462159,False,False,0,0,0
1713599262.5680757,241.0,71.8,0.0,0.0,-44.05853499969454,-3.848176757472277,44.19187103920227,False,False,0,1,0
1713599262.7147472,194.6,66.3,0.0,0.0,-36.52220741830569,-0.7186471978020913,36.528292706300626,False,False,0,1,0
1713599263.346668,285.9,64.1,0.0,0.0,-34.18351180023052,-1.2163072663341703,34.20251503739947,False,True,0,1,0
1713599263.5680532,262.1,61.4,0.0,0.0,-39.39081179730861,8.166149773084989,40.09309241905868,False,True,0,1,0
1713599264.1998372,287.6,61.5,0.0,0.0,-40.28456388162446,2.8707845097158198,40.36932346230979,False,True,0,1,0
1713599264.5670218,238.9,73.9,0.0,0.0,-50.182501871400966,2.035204890655785,50.21262675664339,False,False,0,1,0
1713599265.1959722,241.7,68.5,0.0,0.0,-59.99055464705067,5.0181705240013095,60.11731639830851,False,True,0,1,0
1713599265.5675244,196.5,63.4,0.0,0.0,-49.18053671830029,3.7374413174040333,49.285707778035615,False,True,0,1,0
1713599265.7141378,236.4,59.6,0.0,0.0,-54.136291410437366,2.4384098246415626,54.17378693334143,True,True,0,1,1
1713599266.3423676,236.9,58.5,0.0,0.0,-35.98551199820261,4.593600917193888,36.238194854875125,True,True,0,1,1
1713599266.572026,216.9,89.2,0.0,0.0,-53.535100397687046,-0.2755044555252545,53.535589900015495,False,False,0,1,0
1713599267.1977627,218.6,40.6,0.0,0.0,-56.65613834647813,-1.864550785645982,56.67609630905217,False,False,0,1,0
1713599267.5675943,124.3,104.5,0.0,0.0,-55.534664777654626,1.7859073729632777,55.55376558292565,False,False,0,0,0
1713599268.204398,205.3,233.2,0.0,0.0,-49.03655618565434,-13.92469026322999,50.482651180472594,False,False,0,0,0
1713599268.566534,198.0,225.3,0.0,0.0,-55.34300690237591,-15.237463482755377,56.724124791040744,False,False,0,0,0
1713599269.2024746,196.2,226.6,0.0,0.0,-57.267086123980896,-7.386589911207268,57.57220498637695,False,False,0,0,0
1713599269.5667562,211.3,245.8,0.0,0.0,-47.51962781074222,-16.75874023628378,49.71018123595747,False,False,0,0,0
1713599270.3349886,327.2,71.5,0.0,0.0,-37.52247181019034,-6.6647270460887365,38.023806360724095,False,False,0,1,0
1713599270.566069,327.4,112.0,0.0,0.0,-32.06905252825014,-4.992782667358674,32.41437388173248,False,False,0,0,0
1713599271.2045107,330.3,115.6,0.0,0.0,-30.803846293667334,-2.057721453041958,30.865759151114155,False,True,0,0,0
1713599271.5661411,363.7,129.2,0.0,0.0,-27.975963983348244,-0.48335130723629355,27.979802014449213,False,True,0,0,0
1713599272.2063031,363.3,111.3,0.0,0.0,-30.074694134609146,-2.608428477977187,30.17705057627627,False,True,0,0,0
1713599272.5661585,356.7,138.4,0.0,0.0,-16.405548361102184,-9.8437019184705,19.062336434835316,True,False,0,0,0
1713599273.22492,354.3,460.8,0.0,0.0,-14.878400828452772,-7.30320377361123,16.537775445138003,True,False,0,0,0
1713599274.462909,3353.2,1992.1,0.0,0.0,-7.180938034517659,-10.619917299511892,12.79671901582663,True,False,0,0,0
1713599274.6657896,350.4,458.0,0.0,0.0,-12.039532682687783,-11.184673984121854,16.376690417391288,False,True,0,0,0
1713599275.5655181,349.4,3679.9,0.0,0.0,-10.972887457605948,-12.696802395422434,16.72216732666168,False,False,0,0,0
1713599276.206122,398.7,109.2,0.0,0.0,-22.147269559196168,-5.352007060451888,22.753102872619053,False,True,0,0,0
1713599276.5659838,402.5,106.0,0.0,0.0,-35.97460991448372,-0.5595142757232696,35.97837340085534,False,True,0,0,0
1713599277.2074301,399.5,104.6,0.0,0.0,-28.3650376798792,22.56058601333126,35.64918258108568,False,True,0,0,0
1713599277.6829243,280.8,3685.3,0.0,0.0,-37.27539589340193,-1.896814746268917,37.3166246895933,True,True,0,0,1
1713599278.5661292,300.3,3718.4,0.0,0.0,-39.67623963716526,9.465687598963202,40.607612382554635,False,True,0,0,0
1713599279.19253,191.8,71.7,0.0,0.0,-36.2504256089389,2.0935533295396325,36.30255115744572,True,True,0,1,1
1713599279.564831,311.2,38.6,0.0,0.0,-37.54705158828223,9.895568934438863,38.64249161228699,False,True,0,1,0
1713599280.196166,306.8,34.5,0.0,0.0,-30.796884850092056,8.767000383005888,31.902177275416356,False,True,0,1,0
1713599280.564793,297.8,2.1,0.0,0.0,-31.937479892323562,-0.728484469654381,31.94490842100865,False,True,0,1,0
1713599281.1978972,314.5,51.0,0.0,0.0,-34.53589451486434,4.495499115438264,34.791200557744446,False,True,0,1,0
1713599281.5661547,201.6,108.8,0.0,0.0,-36.03852024305796,-2.6765592790334756,36.124342622236114,False,True,0,0,0
1713599282.216497,306.3,370.2,0.0,0.0,-39.76144044254932,-3.6387686254825473,39.900065334002726,False,True,0,0,0
1713599282.5647936,304.1,366.3,0.0,0.0,-36.127821358203555,-4.770781792939249,36.39888734793516,True,True,0,0,1
1713599283.214758,303.0,359.4,0.0,0.0,-42.309328093046055,2.525164641155577,42.37041558014041,True,True,0,0,1
1713599283.5643275,291.6,3688.0,0.0,0.0,-33.20386485820198,-4.752677001348767,33.503676971001106,False,True,0,0,0
1713599284.2000542,334.0,83.9,0.0,0.0,-35.19455827178776,1.198127753741226,35.21231572680464,False,True,0,1,0
1713599284.5646813,4.0,42.0,0.0,0.0,-34.69259457962651,4.522171030971598,34.949430489736436,False,True,1,1,0
1713599284.6815445,13.4,39.9,0.0,0.0,-31.44601557484391,-5.64158686344343,31.89695404265185,False,True,1,1,0
1713599285.3011222,100.9,42.0,0.0,0.0,-27.295968476542093,-1.4140424483300689,27.32976024212691,False,True,1,1,0
1713599285.6148605,334.1,3007.6,0.0,0.0,-15.702181420950774,-7.374165502591436,17.308006509204596,False,True,0,0,0
1713599286.2606971,277.4,289.6,0.0,0.0,-34.13235379766464,-7.276628742745066,34.80723546791419,False,True,0,0,0
1713599286.563804,301.2,131.0,0.0,0.0,-31.964425477185234,-5.50840618109025,32.38595401487383,True,True,0,0,1
1713599287.2004328,299.2,127.1,0.0,0.0,-29.921255703321712,-11.595377806777815,31.894387832534026,True,True,0,0,1
1713599287.5675693,290.2,113.9,0.0,0.0,-30.781012245141014,7.549726638574813,31.604921507991346,False,True,0,0,0
1713599288.210763,287.3,261.7,0.0,0.0,-44.40379152193144,6.298141443319589,44.75577046847865,False,True,0,0,0
1713599288.5662122,7.5,251.0,0.0,0.0,-35.508968178947455,-1.333394093320198,35.53070607983976,False,True,1,0,0
1713599289.2087283,280.4,249.0,0.0,0.0,-33.61588867111078,0.7622034664498741,33.623513840586284,False,True,0,0,0
1713599289.564728,596.5,80.3,0.0,0.0,-35.27086336902536,-5.977083503049749,35.7088959174292,False,True,0,1,0
1713599290.223483,592.1,229.8,0.0,0.0,-34.715189354935205,0.17159633554001658,34.715560238352765,False,True,0,0,0
1713599290.564775,254.7,220.0,0.0,0.0,-35.43030672287832,9.461334797566595,36.51153832328102,False,True,0,0,0
1713599291.2055156,254.2,229.4,0.0,0.0,-34.507203568451295,0.34584537659382086,34.50872184314064,False,True,0,0,0
1713599291.564284,248.9,3715.6,0.0,0.0,-35.23339283274784,-0.5943006990948443,35.23775644395487,False,True,0,0,0
1713599292.201393,249.2,188.3,0.0,0.0,-35.379394610666935,1.4974208227395593,35.406938833764954,False,True,0,0,0
1713599292.5656466,248.2,207.4,0.0,0.0,-35.933964478144524,-2.991126341852918,36.041523882479986,False,True,0,0,0
1713599293.2043474,247.6,206.7,0.0,0.0,-35.408460151876845,-4.983222555271533,35.71197612275956,False,True,0,0,0
1713599293.56587,233.4,199.5,0.0,0.0,-31.880117602942565,-1.8850946397495125,31.929937860476333,False,True,0,0,0
1713599294.195003,244.9,43.5,0.0,0.0,-32.299841276660146,0.9101288550574712,32.31127378892767,False,True,0,1,0
1713599294.5653908,246.7,44.9,0.0,0.0,-23.543626470397385,4.373297715603239,23.923605487176598,False,True,0,1,0
1713599295.196866,131.9,205.3,0.0,0.0,-31.575398777819085,5.415075328409271,31.989010188902906,False,True,0,0,0
1713599295.5654347,249.7,212.2,0.0,0.0,2.485320703103538,29.41102389744525,29.506487114600244,False,True,0,0,0
1713599296.2034612,227.9,213.4,0.0,0.0,-46.70100025396977,2.1131069519630983,46.73770381389401,False,True,0,0,0
1713599296.5645545,248.4,53.3,0.0,0.0,-33.09204788453438,0.6652967945598284,33.09797434154356,False,True,0,1,0
1713599297.1928291,248.0,48.5,0.0,0.0,-34.10408738816209,3.170436495888632,34.233377101781755,False,True,0,1,0
1713599297.5635948,248.7,207.7,0.0,0.0,-35.92835742344409,-2.420259944523844,35.99882996009998,False,True,0,0,0
1713599298.192588,248.7,45.9,0.0,0.0,-37.303462411716644,-4.735267148484103,37.559395406793584,False,True,0,1,0
1713599298.564518,249.5,45.1,0.0,0.0,-35.60969395058674,-3.383574115030915,35.748917033854035,False,True,0,1,0
1713599299.1899629,250.3,2.8,0.0,0.0,-37.41680819296513,0.21927577172483584,37.41735666073645,False,True,0,1,0
1713599299.5644634,245.3,41.6,0.0,0.0,-38.41978544656718,0.7171785107161857,38.42544409127795,False,True,0,1,0
1713599300.1983957,243.9,156.4,0.0,0.0,-36.693098358372325,2.423226234718323,36.76179801774803,False,True,0,0,0
1713599300.5643349,236.4,118.8,0.0,0.0,-37.02349883145821,8.551976419410577,37.860103912009855,False,True,0,0,0
1713599301.1960778,228.9,127.5,0.0,0.0,-34.17973279324364,0.0,34.17973279324364,False,True,0,0,0
1713599301.5642867,222.3,129.5,0.0,0.0,-34.7415054503177,2.3111340790164934,34.80865180131712,False,False,0,0,0
1713599302.1950917,217.2,114.5,0.0,0.0,-34.19850679246892,0.013680445904639073,34.198509195831456,False,False,0,0,0
1713599302.564612,214.8,99.8,0.0,0.0,-34.07022351759047,-0.8133051574773064,34.078757746043586,False,False,0,0,0
1713599303.1940706,223.7,91.9,0.0,0.0,-35.36697699997314,2.3157929296433175,35.43284928253128,True,False,0,0,0
1713599303.5642824,235.2,104.4,0.0,0.0,-39.2950984692847,1.4442106883621928,39.31733385588655,True,False,0,0,0
1713599304.3866374,3388.9,216.7,0.0,0.0,-36.80279635115914,-0.36467594151366717,36.80434749115732,True,False,0,0,0
1713599305.5221367,3414.5,1931.4,0.0,0.0,-31.098940302417844,-2.1641614050264466,31.166623233416793,False,False,0,0,0
1713599306.276807,510.8,94.6,0.0,0.0,-36.90855875975588,-1.2670187341394943,36.927206663043165,False,False,0,0,0
1713599306.5647686,481.6,70.1,0.0,0.0,-44.81582132917228,3.4498508041882103,44.92022387739951,False,False,0,1,0
1713599307.2643096,465.9,57.4,0.0,0.0,-45.22849641381351,-1.6825467561165675,45.252998009215695,False,False,0,1,0
1713599307.5644796,242.8,366.3,0.0,0.0,-32.89249043291796,-0.7980774912242957,32.90108350221541,False,False,0,0,0
1713599308.2210872,427.4,347.3,0.0,0.0,-35.61785824590977,-3.3537575922256937,35.754602154548444,False,False,0,0,0
1713599308.5647094,401.8,301.5,0.0,0.0,-35.81132609902038,-7.524015959525317,36.489490028297624,False,False,0,0,0
1713599309.224552,534.3,279.5,0.0,0.0,-31.400145448226173,-6.412019909887745,31.98247886064992,False,False,0,0,0
1713599309.5641758,74.5,242.5,0.0,0.0,-47.74364958217698,-16.514346979892977,49.856110670802735,False,True,1,0,0
1713599310.2047956,276.8,224.6,0.0,0.0,-33.51377337613663,-6.740702157256284,34.107206379170606,False,True,0,0,0
1713599310.5645142,257.0,190.0,0.0,0.0,-35.31158704765829,-0.615312277415718,35.31625112477213,False,False,0,0,0
1713599311.2066984,356.1,163.4,0.0,0.0,-43.13690813993276,4.905423950912234,43.36041819695815,False,False,0,0,0
1713599311.5647664,318.3,146.8,0.0,0.0,-77.15306694367258,5.934839104822415,77.22309273539653,False,False,0,0,0
1713599312.2022967,312.4,128.8,0.0,0.0,-80.53767779197439,10.924932114791975,80.71070276168017,False,False,0,0,0
