Timestamp,UltrasonicMid,Anomaly
2024-04-20 10:04:48.784044027,90.0,False
2024-04-20 10:04:48.930900335,90.0,False
2024-04-20 10:04:49.576128483,90.0,False
2024-04-20 10:04:49.786103964,90.0,False
2024-04-20 10:04:50.433203936,90.0,False
2024-04-20 10:04:50.784366846,90.0,False
2024-04-20 10:04:50.931002617,90.0,False
2024-04-20 10:04:51.568380833,87.4,False
2024-04-20 10:04:51.784107685,76.9,False
2024-04-20 10:04:52.540719032,73.3,False
2024-04-20 10:04:52.783683062,71.8,False
2024-04-20 10:04:53.450408459,71.8,False
2024-04-20 10:04:53.792200565,77.5,False
2024-04-20 10:04:53.930950403,84.6,False
2024-04-20 10:04:54.553433895,86.9,False
2024-04-20 10:04:54.784226894,76.0,False
2024-04-20 10:04:55.615080118,65.7,False
2024-04-20 10:04:56.513374566,90.0,False
2024-04-20 10:04:56.834630489,90.0,False
2024-04-20 10:04:57.580659389,90.0,False
2024-04-20 10:04:57.784053564,90.0,False
2024-04-20 10:04:58.416390181,90.0,False
2024-04-20 10:04:58.783861399,90.0,False
2024-04-20 10:04:59.415245533,90.0,False
2024-04-20 10:04:59.784096003,90.0,False
2024-04-20 12:47:50.856442451,90.0,False
2024-04-20 12:47:51.232704163,90.0,False
2024-04-20 12:47:51.859565496,90.0,False
2024-04-20 12:47:52.232620478,37.1,True
2024-04-20 12:47:52.858496428,90.0,False
2024-04-20 12:47:53.232962370,90.0,False
2024-04-20 12:47:53.858134508,90.0,False
2024-04-20 12:47:54.232430696,90.0,False
2024-04-20 12:47:54.856815577,83.2,False
2024-04-20 12:47:55.232836008,73.9,False
2024-04-20 12:47:55.853776932,71.8,False
2024-04-20 12:47:56.232966900,64.8,False
2024-04-20 12:47:56.852494240,61.5,False
2024-04-20 12:47:57.232733488,62.0,False
2024-04-20 12:47:57.853060722,67.9,False
2024-04-20 12:47:58.232834101,73.8,False
2024-04-20 12:47:58.856904984,77.6,False
2024-04-20 12:47:59.232820749,78.1,False
2024-04-20 12:47:59.854754448,81.1,False
2024-04-20 12:48:00.232657909,78.8,False
2024-04-20 12:48:00.859152079,90.0,False
2024-04-20 12:48:01.232751131,84.0,True
2024-04-20 12:48:01.862566948,90.0,False
2024-04-20 12:48:02.232885838,42.3,True
2024-04-20 12:48:02.379555702,90.0,False
2024-04-20 12:48:03.003805161,67.2,False
2024-04-20 12:48:03.232816219,51.1,False
2024-04-20 12:48:03.357871294,46.2,False
2024-04-20 12:48:03.982452393,46.0,False
2024-04-20 12:48:04.232906342,90.0,False
2024-04-20 12:48:04.379582405,90.0,False
2024-04-20 12:48:05.009280205,90.0,False
2024-04-20 12:48:05.232204199,90.0,False
2024-04-20 12:48:05.378880501,90.0,False
2024-04-20 12:48:06.008944988,90.0,False
2024-04-20 12:48:06.232820749,90.0,False
2024-04-20 12:48:06.379486561,90.0,False
2024-04-20 12:48:07.008759260,90.0,False
2024-04-20 12:48:07.232853174,90.0,False
2024-04-20 12:48:07.379519939,90.0,False
2024-04-20 12:48:08.017782927,90.0,False
2024-04-20 12:48:08.232968807,90.0,False
2024-04-20 12:48:08.379639387,90.0,False
2024-04-20 12:48:09.006311417,90.0,False
2024-04-20 12:48:09.233062744,90.0,False
2024-04-20 12:48:09.379514694,90.0,False
2024-04-20 12:48:10.007956028,90.0,False
2024-04-20 12:48:10.232724905,90.0,False
2024-04-20 12:48:10.379404068,90.0,False
2024-04-20 12:48:10.997577667,90.0,False
2024-04-20 12:48:11.232933283,90.0,False
2024-04-20 12:48:11.379612446,52.4,False
2024-04-20 12:48:11.997591496,50.2,False
2024-04-20 12:48:12.232089043,51.8,False
2024-04-20 12:48:12.378768682,56.9,False
2024-04-20 12:48:12.998266220,60.7,False
2024-04-20 12:48:13.232836962,90.0,False
2024-04-20 12:48:13.357891083,90.0,False
2024-04-20 12:48:13.981082439,90.0,False
2024-04-20 12:48:14.233210564,90.0,False
2024-04-20 12:48:14.366538763,90.0,False
2024-04-20 12:48:15.001067162,87.9,False
2024-04-20 12:48:15.233193636,76.2,False
2024-04-20 12:48:15.358196974,75.4,False
2024-04-20 12:48:15.991347313,74.4,False
2024-04-20 12:48:16.232153177,72.9,False
2024-04-20 12:48:16.378792286,76.2,False
2024-04-20 12:48:17.024564505,90.0,False
2024-04-20 12:48:17.332689762,46.4,True
2024-04-20 12:48:17.971730232,90.0,False
2024-04-20 12:48:18.232621908,43.5,False
2024-04-20 12:48:18.387628794,44.2,False
2024-04-20 12:48:19.031396627,90.0,False
2024-04-20 12:48:19.332595825,45.9,True
2024-04-20 12:48:20.151468754,90.0,False
2024-04-20 12:48:20.925270319,90.0,False
2024-04-20 12:48:21.232914448,90.0,False
2024-04-20 12:48:21.379590750,90.0,False
2024-04-20 12:48:22.013732433,90.0,False
2024-04-20 12:48:22.232671499,78.2,True
2024-04-20 12:48:23.039441824,90.0,False
2024-04-20 12:48:23.332221508,76.7,False
2024-04-20 12:48:24.232903242,52.9,False
2024-04-20 12:48:24.379353523,53.1,False
2024-04-20 12:48:25.032331227,90.0,False
2024-04-20 12:48:25.233273268,63.9,True
2024-04-20 12:48:25.388263941,90.0,False
2024-04-20 12:48:26.024876833,90.0,False
2024-04-20 12:48:26.250074625,90.0,False
2024-04-20 12:48:27.114860058,90.0,False
2024-04-20 12:48:27.939189434,90.0,False
2024-04-20 12:48:28.236432076,90.0,False
2024-04-20 12:48:28.383117199,90.0,False
2024-04-20 12:48:29.020209074,90.0,False
2024-04-20 12:48:29.233668566,90.0,False
2024-04-20 12:48:29.380374908,90.0,False
2024-04-20 12:48:30.233776569,90.0,False
2024-04-20 12:48:30.380447149,84.6,False
2024-04-20 12:48:31.010672331,85.4,False
2024-04-20 12:48:31.233659506,84.6,False
2024-04-20 12:48:31.943425894,85.7,False
2024-04-20 12:48:32.233868599,90.0,False
2024-04-20 12:48:32.380523443,90.0,False
2024-04-20 12:48:33.015832424,90.0,False
2024-04-20 12:48:33.234779596,90.0,False
2024-04-20 12:48:33.381460190,90.0,False
2024-04-20 12:48:34.010211706,90.0,False
2024-04-20 12:48:34.232997894,90.0,False
2024-04-20 12:48:34.358039618,74.9,False
2024-04-20 12:48:34.981156349,86.1,False
2024-04-20 12:48:35.233956099,64.0,False
2024-04-20 12:48:35.358961105,62.8,False
2024-04-20 12:48:35.981548786,78.2,False
2024-04-20 12:48:36.233833790,84.0,False
2024-04-20 12:48:36.380488396,88.5,False
2024-04-20 12:48:37.008976460,90.0,False
2024-04-20 12:48:37.233957529,86.8,False
2024-04-20 12:48:37.367254019,88.9,False
2024-04-20 12:48:37.995994806,90.0,False
2024-04-20 12:48:38.234065294,74.7,False
2024-04-20 12:48:38.908481359,8.4,False
2024-04-20 12:48:39.234234333,80.8,False
2024-04-20 12:48:39.380688906,90.0,False
2024-04-20 12:48:40.014750719,90.0,False
2024-04-20 12:48:40.234299660,90.0,False
2024-04-20 12:48:40.389283180,90.0,False
2024-04-20 12:48:41.234050035,90.0,False
2024-04-20 12:48:41.380677223,25.3,True
2024-04-20 12:48:42.236926794,90.0,False
2024-04-20 12:48:42.383588076,90.0,False
2024-04-20 12:48:43.007564068,90.0,False
2024-04-20 12:48:43.233866692,90.0,False
2024-04-20 12:48:43.380529404,90.0,False
2024-04-20 12:48:44.013187647,90.0,False
2024-04-20 12:48:44.234224558,90.0,False
2024-04-20 12:48:44.359268904,90.0,False
2024-04-20 12:48:44.982084513,90.0,False
2024-04-20 12:48:45.233420372,90.0,False
2024-04-20 12:48:45.367177486,90.0,False
2024-04-20 12:48:46.000570059,90.0,False
2024-04-20 12:48:46.234288216,90.0,False
2024-04-20 12:48:46.375942469,90.0,False
2024-04-20 12:48:47.007697105,90.0,False
2024-04-20 12:48:47.234469891,90.0,False
2024-04-20 12:48:47.367837191,90.0,False
2024-04-20 12:48:47.999337196,90.0,False
2024-04-20 12:48:48.234292507,90.0,False
2024-04-20 12:48:48.367660999,90.0,False
2024-04-20 12:48:48.999447584,90.0,False
2024-04-20 12:48:49.234350681,90.0,False
2024-04-20 12:48:49.367677689,66.1,True
2024-04-20 12:48:49.996614456,90.0,False
2024-04-20 12:48:50.234395027,79.4,False
2024-04-20 12:48:50.367764711,82.7,False
2024-04-20 12:48:50.995522738,76.4,False
2024-04-20 12:48:51.234210014,56.9,False
2024-04-20 12:48:51.367541313,58.0,False
2024-04-20 12:48:51.994813204,87.5,False
2024-04-20 12:48:52.233751535,81.3,False
2024-04-20 12:48:52.367125511,65.5,False
2024-04-20 12:48:53.129165173,60.7,False
2024-04-20 12:48:53.284615278,56.9,False
2024-04-20 12:48:53.909046412,28.3,False
2024-04-20 12:48:54.237253904,53.1,False
2024-04-20 12:48:54.359149218,66.2,False
2024-04-20 12:48:54.986733913,68.0,False
2024-04-20 12:48:55.234317064,90.0,False
2024-04-20 12:48:55.359325886,90.0,False
2024-04-20 12:48:55.978111267,39.2,False
2024-04-20 12:48:56.234438896,44.1,False
2024-04-20 12:48:56.359452486,54.8,False
2024-04-20 12:48:57.044971704,48.7,False
2024-04-20 12:48:57.234400511,90.0,False
2024-04-20 12:48:57.381057501,90.0,False
2024-04-20 12:48:57.999972105,90.0,False
2024-04-20 12:48:58.234368801,90.0,False
2024-04-20 12:48:58.895596027,90.0,False
2024-04-20 12:48:59.234632015,90.0,False
2024-04-20 12:48:59.381300449,90.0,False
2024-04-20 12:49:00.012909889,90.0,False
2024-04-20 12:49:00.234848976,75.7,False
2024-04-20 12:49:00.368211508,67.7,False
2024-04-20 12:49:00.989850998,68.1,False
2024-04-20 12:49:01.234599829,90.0,False
2024-04-20 12:49:01.381232500,82.2,False
2024-04-20 12:49:02.007956028,79.1,False
2024-04-20 12:49:02.234739304,76.6,False
2024-04-20 12:49:02.381429672,90.0,False
2024-04-20 12:49:03.011135101,90.0,False
2024-04-20 12:49:03.234755754,90.0,False
2024-04-20 12:49:03.947662354,45.4,True
2024-04-20 12:49:04.235057116,90.0,False
2024-04-20 12:49:04.885080099,90.0,False
2024-04-20 12:49:05.235775232,90.0,False
2024-04-20 12:49:06.071504116,90.0,False
2024-04-20 12:49:06.235576391,90.0,False
2024-04-20 12:49:06.886307001,90.0,False
2024-04-20 12:49:07.235607386,90.0,False
2024-04-20 12:49:07.360709190,90.0,False
2024-04-20 12:49:07.984522581,90.0,False
2024-04-20 12:49:08.335501671,90.0,False
2024-04-20 12:49:08.987660170,90.0,False
2024-04-20 12:49:09.335407495,90.0,False
2024-04-20 12:49:09.983549595,90.0,False
2024-04-20 12:49:10.235610485,90.0,False
2024-04-20 12:49:10.884177208,90.0,False
2024-04-20 12:49:11.235826492,90.0,False
2024-04-20 12:49:11.883885622,90.0,False
2024-04-20 12:49:12.285268068,90.0,False
2024-04-20 12:49:13.235743046,90.0,False
2024-04-20 12:49:14.053774118,90.0,False
2024-04-20 12:49:14.234795809,90.0,False
2024-04-20 12:49:14.381526232,90.0,False
2024-04-20 12:49:15.023708820,90.0,False
2024-04-20 12:49:15.235588551,78.3,False
2024-04-20 12:49:15.382272243,74.4,False
2024-04-20 12:49:16.006210566,72.9,False
2024-04-20 12:49:16.235614777,69.0,False
2024-04-20 12:49:16.382302284,40.4,False
2024-04-20 12:49:17.008324862,66.1,False
2024-04-20 12:49:17.235994816,73.6,False
2024-04-20 12:49:17.382745504,21.5,False
2024-04-20 12:49:18.012726307,71.6,False
2024-04-20 12:49:18.335625410,68.0,False
2024-04-20 12:49:18.957845449,70.9,False
2024-04-20 12:49:19.235877991,63.6,False
2024-04-20 12:49:19.369197845,56.0,False
2024-04-20 12:49:20.008450508,57.2,False
2024-04-20 12:49:21.030610800,90.0,False
2024-04-20 12:49:22.155708790,90.0,False
2024-04-20 12:49:22.336152077,58.0,True
2024-04-20 12:49:22.981744051,90.0,False
2024-04-20 12:49:24.238094807,90.0,False
2024-04-20 12:49:25.060080290,90.0,False
2024-04-20 12:49:25.971906185,90.0,False
2024-04-20 12:49:26.237707376,90.0,False
2024-04-20 12:49:26.384383202,90.0,False
2024-04-20 12:49:27.197608232,90.0,False
2024-04-20 12:49:28.110521793,90.0,False
2024-04-20 12:49:28.251880884,90.0,False
2024-04-20 12:49:29.082714319,90.0,False
2024-04-20 12:49:29.917153835,90.0,False
2024-04-20 12:49:30.235600471,90.0,False
2024-04-20 12:49:30.382269621,90.0,False
2024-04-20 12:49:31.164062977,90.0,False
2024-04-20 12:49:32.005969524,90.0,False
2024-04-20 12:49:32.234885693,90.0,False
2024-04-20 12:49:32.980800152,90.0,False
2024-04-20 12:49:33.235686064,74.7,False
2024-04-20 12:49:33.382360935,77.8,False
2024-04-20 12:49:34.030580044,90.0,False
2024-04-20 12:49:34.235548496,70.0,False
2024-04-20 12:49:34.382237434,65.8,False
2024-04-20 12:49:35.119646311,63.1,False
2024-04-20 12:49:35.285828590,90.0,False
2024-04-20 12:49:35.930097818,90.0,False
2024-04-20 12:49:36.235021830,23.2,False
2024-04-20 12:49:37.044123411,49.5,False
2024-04-20 12:49:37.360683680,38.7,False
2024-04-20 12:49:37.977031708,39.1,False
2024-04-20 12:49:38.179648876,27.5,False
2024-04-20 12:49:38.329465151,29.0,False
2024-04-20 12:49:38.487709761,28.8,False
2024-04-20 12:49:38.620618343,29.2,False
2024-04-20 12:49:39.177353382,31.5,False
2024-04-20 12:49:39.320566893,37.1,False
2024-04-20 12:49:39.958358288,90.0,False
2024-04-20 12:49:40.219489574,90.0,False
2024-04-20 12:49:41.030970097,90.0,False
2024-04-20 12:49:41.952613115,90.0,False
2024-04-20 12:49:42.220930576,86.9,False
2024-04-20 12:49:42.934998989,81.9,False
2024-04-20 12:49:43.320465088,90.0,False
2024-04-20 12:49:43.959472418,90.0,False
2024-04-20 12:49:44.221410036,90.0,False
2024-04-20 12:49:44.857263088,90.0,False
2024-04-20 12:49:45.221226931,90.0,False
2024-04-20 12:49:45.858696699,90.0,False
2024-04-20 12:49:46.221451283,90.0,False
2024-04-20 12:49:47.044560909,90.0,False
2024-04-20 12:49:47.868111134,90.0,False
2024-04-20 12:49:48.213545561,90.0,False
2024-04-20 12:49:49.213545561,90.0,False
2024-04-20 12:49:49.847033501,59.2,False
2024-04-20 12:49:50.213859081,57.3,False
2024-04-20 12:49:51.024124384,90.0,False
2024-04-20 12:49:51.213361263,88.5,False
2024-04-20 12:49:51.845470190,87.9,False
2024-04-20 12:49:52.213817120,90.0,False
2024-04-20 12:49:52.846556902,90.0,False
2024-04-20 12:49:53.211562157,80.0,False
2024-04-20 12:49:53.840524912,76.8,False
2024-04-20 12:49:54.210920334,90.0,False
2024-04-20 12:49:55.140617132,89.8,False
2024-04-20 12:49:55.965366602,74.5,False
2024-04-20 12:49:56.328104973,90.0,False
2024-04-20 12:49:56.969581604,90.0,False
2024-04-20 12:49:57.313124418,72.9,True
2024-04-20 12:49:57.947471380,90.0,False
2024-04-20 12:49:58.212509394,90.0,False
2024-04-20 12:49:58.857573986,90.0,False
2024-04-20 12:49:59.213557482,90.0,False
2024-04-20 12:49:59.928100109,90.0,False
2024-04-20 12:50:00.211055517,90.0,False
2024-04-20 12:50:00.847920418,90.0,False
2024-04-20 12:50:01.211057901,90.0,False
2024-04-20 12:50:01.847455502,90.0,False
2024-04-20 12:50:02.211251497,51.7,True
2024-04-20 12:50:02.855159760,90.0,False
2024-04-20 12:50:03.211000204,90.0,False
2024-04-20 12:50:03.848322392,90.0,False
2024-04-20 12:50:04.211213112,89.1,True
2024-04-20 12:50:04.839869022,90.0,False
2024-04-20 12:50:05.211321354,82.5,False
2024-04-20 12:50:05.837728500,83.4,False
2024-04-20 12:50:06.211344481,88.9,False
2024-04-20 12:50:06.832611561,90.0,False
2024-04-20 12:50:07.211304426,69.3,False
2024-04-20 12:50:07.838148355,58.8,False
2024-04-20 12:50:08.211577892,49.4,False
2024-04-20 12:50:08.987737894,90.0,False
2024-04-20 12:50:09.210909128,90.0,False
2024-04-20 12:50:09.357643366,75.7,False
2024-04-20 12:50:09.978351116,77.9,False
2024-04-20 12:50:10.211351633,58.5,False
2024-04-20 12:50:10.358068228,80.4,False
2024-04-20 12:50:11.002274036,67.8,False
2024-04-20 12:50:12.212019205,90.0,False
2024-04-20 12:50:13.211987495,90.0,False
2024-04-20 12:50:14.029221535,68.8,True
2024-04-20 12:50:15.053755760,90.0,False
2024-04-20 12:50:15.905945063,90.0,False
2024-04-20 12:50:16.210868835,57.7,False
2024-04-20 12:50:17.025832891,52.6,False
2024-04-20 12:50:17.844200611,90.0,False
2024-04-20 12:50:18.222815990,90.0,False
2024-04-20 12:50:18.908946991,74.8,True
2024-04-20 12:50:19.069144249,90.0,False
2024-04-20 12:50:19.846213102,90.0,False
2024-04-20 12:50:20.965825081,31.1,True
2024-04-20 12:50:22.069003820,90.0,False
2024-04-20 12:50:22.241089582,90.0,False
2024-04-20 12:50:22.888989449,90.0,False
2024-04-20 12:50:23.240524769,90.0,False
2024-04-20 12:50:24.220079899,90.0,False
2024-04-20 12:50:25.068993807,90.0,False
2024-04-20 12:50:25.241083145,90.0,False
2024-04-20 12:50:25.883019447,90.0,False
2024-04-20 12:50:26.074286938,21.3,True
2024-04-20 12:50:26.246352196,90.0,False
2024-04-20 12:50:26.890166998,90.0,False
2024-04-20 12:50:27.069293976,61.2,True
2024-04-20 12:50:27.210366249,90.0,False
2024-04-20 12:50:27.851845980,90.0,False
2024-04-20 12:50:28.064700364,90.0,False
2024-04-20 12:50:28.214019537,90.0,False
2024-04-20 12:50:28.855223179,90.0,False
2024-04-20 12:50:29.774625540,90.0,False
2024-04-20 12:50:30.228923798,90.0,False
2024-04-20 12:50:30.369900703,90.0,False
2024-04-20 12:50:31.008725405,90.0,False
2024-04-20 12:50:31.184809208,90.0,False
2024-04-20 12:50:31.819678783,90.0,False
2024-04-20 12:50:32.068800449,90.0,False
2024-04-20 12:50:32.209825754,85.5,False
2024-04-20 12:50:33.027529716,86.1,False
2024-04-20 12:50:33.844102859,84.3,False
2024-04-20 12:50:34.183915377,83.3,False
2024-04-20 12:50:34.999367952,83.8,False
2024-04-20 12:50:35.821473598,90.0,False
2024-04-20 12:50:36.223124027,90.0,False
2024-04-20 12:50:37.000720501,90.0,False
2024-04-20 12:50:37.814624786,61.7,True
2024-04-20 12:50:38.135039091,90.0,False
2024-04-20 12:50:38.909100771,90.0,False
2024-04-20 12:50:39.068519592,90.0,False
2024-04-20 12:50:39.841589212,90.0,False
2024-04-20 12:50:40.184362411,90.0,False
2024-04-20 12:50:41.067528725,90.0,False
2024-04-20 12:50:41.216790199,90.0,False
2024-04-20 12:50:41.846883059,90.0,False
2024-04-20 12:50:42.284570217,90.0,False
2024-04-20 12:50:43.068497896,90.0,False
2024-04-20 12:50:43.217862844,90.0,False
2024-04-20 12:50:44.032378912,90.0,False
2024-04-20 12:50:44.184525967,90.0,False
2024-04-20 12:50:44.812202692,90.0,False
2024-04-20 12:50:45.068566561,90.0,False
2024-04-20 12:50:45.217842579,90.0,False
2024-04-20 12:50:45.844754219,90.0,False
2024-04-20 12:50:46.068310499,90.0,False
2024-04-20 12:50:46.217583895,90.0,False
2024-04-20 12:50:46.847042084,90.0,False
2024-04-20 12:50:47.064148187,90.0,False
2024-04-20 12:50:47.213867426,90.0,False
2024-04-20 12:50:47.841861010,90.0,False
2024-04-20 12:50:48.224355221,90.0,False
2024-04-20 12:50:48.404782057,30.4,True
2024-04-20 12:50:49.064419031,90.0,False
2024-04-20 12:50:49.213685036,90.0,False
2024-04-20 12:50:49.857109070,90.0,False
2024-04-20 12:50:50.064971685,90.0,False
2024-04-20 12:50:50.214050293,90.0,False
2024-04-20 12:50:50.837188721,90.0,False
2024-04-20 12:50:51.064974307,90.0,False
2024-04-20 12:50:51.214279890,90.0,False
2024-04-20 12:50:51.840085030,90.0,False
2024-04-20 12:50:52.064194441,90.0,False
2024-04-20 12:50:52.213476181,90.0,False
2024-04-20 12:50:52.988902569,90.0,False
2024-04-20 12:50:53.180704832,90.0,False
2024-04-20 12:50:53.853943825,90.0,False
2024-04-20 12:50:54.224734306,90.0,False
2024-04-20 12:50:55.030190229,90.0,False
2024-04-20 12:50:55.185693502,90.0,False
2024-04-20 12:50:55.811889887,90.0,False
2024-04-20 12:50:56.066584349,90.0,False
2024-04-20 12:50:56.247003555,90.0,False
2024-04-20 12:50:57.066549301,90.0,False
2024-04-20 12:50:57.215855598,90.0,False
2024-04-20 12:50:57.857673407,90.0,False
2024-04-20 12:50:58.066869497,90.0,False
2024-04-20 12:50:58.880136013,90.0,False
2024-04-20 12:50:59.067091942,90.0,False
2024-04-20 12:50:59.216379642,90.0,False
2024-04-20 12:50:59.843000889,90.0,False
2024-04-20 12:51:00.239435673,78.1,True
2024-04-20 12:51:00.388711929,90.0,False
2024-04-20 12:51:01.014251232,90.0,False
2024-04-20 12:51:01.183034897,90.0,False
2024-04-20 12:51:01.956162930,90.0,False
2024-04-20 12:51:02.133079766,90.0,False
2024-04-20 12:51:02.774235487,90.0,False
2024-04-20 12:51:03.066028594,87.0,False
2024-04-20 12:51:03.215301275,79.0,False
2024-04-20 12:51:03.855156422,76.2,False
2024-04-20 12:51:04.066605568,74.6,False
2024-04-20 12:51:04.215932608,76.2,False
2024-04-20 12:51:04.849409103,78.5,False
2024-04-20 12:51:05.066477299,90.0,False
2024-04-20 12:51:05.215761185,90.0,False
2024-04-20 12:51:05.841078281,90.0,False
2024-04-20 12:51:06.227297783,90.0,False
2024-04-20 12:51:06.376579285,90.0,False
2024-04-20 12:51:07.005355358,90.0,False
2024-04-20 12:51:07.751898050,90.0,False
2024-04-20 12:51:08.066578865,90.0,False
2024-04-20 12:51:08.215913057,90.0,False
2024-04-20 12:51:08.860017776,90.0,False
2024-04-20 12:51:09.090994596,90.0,False
2024-04-20 12:51:09.247390032,90.0,False
2024-04-20 12:51:09.869965076,40.2,True
2024-04-20 12:51:10.063614368,90.0,False
2024-04-20 12:51:10.212893009,90.0,False
2024-04-20 12:51:10.838138342,90.0,False
2024-04-20 12:51:11.064103364,90.0,False
2024-04-20 12:51:11.213438988,90.0,False
2024-04-20 12:51:12.035815954,90.0,False
2024-04-20 12:51:12.223023415,90.0,False
2024-04-20 12:51:12.372301102,90.0,False
2024-04-20 12:51:13.016913176,90.0,False
2024-04-20 12:51:13.824789047,90.0,False
2024-04-20 12:51:14.061976433,90.0,False
2024-04-20 12:51:14.211643934,90.0,False
2024-04-20 12:51:14.837383986,90.0,False
2024-04-20 12:51:15.063349485,90.0,False
2024-04-20 12:51:15.212631702,90.0,False
2024-04-20 12:51:15.838028193,90.0,False
2024-04-20 12:51:16.062945127,90.0,False
2024-04-20 12:51:16.212230444,90.0,False
2024-04-20 12:51:16.840826511,90.0,False
2024-04-20 12:51:17.063308716,90.0,False
2024-04-20 12:51:17.212590933,90.0,False
2024-04-20 12:51:17.858056307,90.0,False
2024-04-20 12:51:18.221459389,90.0,False
2024-04-20 12:51:18.370809555,90.0,False
2024-04-20 12:51:19.014300108,80.9,True
2024-04-20 12:51:19.179566860,90.0,False
2024-04-20 12:51:19.805421829,90.0,False
2024-04-20 12:51:20.064337968,72.4,True
2024-04-20 12:51:20.213618517,90.0,False
2024-04-20 12:51:20.838599205,90.0,False
2024-04-20 12:51:21.063635110,41.7,True
2024-04-20 12:51:21.212924242,90.0,False
2024-04-20 12:51:21.838498116,90.0,False
2024-04-20 12:51:22.064535141,90.0,False
2024-04-20 12:51:22.253294705,90.0,False
2024-04-20 12:51:23.064186811,90.0,False
2024-04-20 12:51:23.877204418,90.0,False
2024-04-20 12:51:24.228199244,90.0,False
2024-04-20 12:51:24.377487898,90.0,False
2024-04-20 12:51:25.003895521,90.0,False
2024-04-20 12:51:25.130517482,90.0,False
2024-04-20 12:51:25.754927397,90.0,False
2024-04-20 12:51:26.064425707,87.6,False
2024-04-20 12:51:26.213702917,86.1,False
2024-04-20 12:51:26.836335421,86.7,False
2024-04-20 12:51:27.067401648,90.0,False
2024-04-20 12:51:27.216683149,90.0,False
2024-04-20 12:51:27.841276407,90.0,False
2024-04-20 12:51:28.069592714,83.9,False
2024-04-20 12:51:28.218864202,83.6,False
2024-04-20 12:51:28.842379093,83.3,False
2024-04-20 12:51:29.069518328,6.1,False
2024-04-20 12:51:29.218791962,82.9,False
2024-04-20 12:51:29.840940237,82.8,False
2024-04-20 12:51:30.221533537,60.8,False
2024-04-20 12:51:30.370829105,90.0,False
2024-04-20 12:51:30.995688915,90.0,False
2024-04-20 12:51:31.138129711,90.0,False
2024-04-20 12:51:31.768288374,90.0,False
2024-04-20 12:51:32.069395304,90.0,False
2024-04-20 12:51:32.218669891,90.0,False
2024-04-20 12:51:32.849363089,90.0,False
2024-04-20 12:51:33.067348957,90.0,False
2024-04-20 12:51:33.216633558,90.0,False
2024-04-20 12:51:33.848947763,90.0,False
2024-04-20 12:51:34.182961702,90.0,False
2024-04-20 12:51:34.928642511,90.0,False
2024-04-20 12:51:35.066917658,90.0,False
2024-04-20 12:51:35.859813929,90.0,False
2024-04-20 12:51:36.227108240,90.0,False
2024-04-20 12:51:36.376366377,90.0,False
2024-04-20 12:51:37.007763147,90.0,False
2024-04-20 12:51:37.182942390,90.0,False
2024-04-20 12:51:37.815047264,90.0,False
2024-04-20 12:51:38.133541106,90.0,False
2024-04-20 12:51:38.841930151,90.0,False
2024-04-20 12:51:39.183292389,86.3,False
2024-04-20 12:51:39.832059383,85.7,False
2024-04-20 12:51:40.183199883,88.3,False
2024-04-20 12:51:40.861809969,90.0,False
2024-04-20 12:51:41.184102058,90.0,False
2024-04-20 12:51:41.812458992,90.0,False
2024-04-20 12:51:42.219332695,90.0,False
2024-04-20 12:51:42.368611813,90.0,False
2024-04-20 12:51:42.994292498,75.1,True
2024-04-20 12:51:43.133530855,90.0,False
2024-04-20 12:51:43.760703087,90.0,False
2024-04-20 12:51:44.091826916,80.8,False
2024-04-20 12:51:44.216896057,76.9,False
2024-04-20 12:51:44.849705935,75.1,False
2024-04-20 12:51:45.067492962,55.7,False
2024-04-20 12:51:45.216824293,74.3,False
2024-04-20 12:51:45.860521317,22.5,False
2024-04-20 12:51:46.775196791,90.0,False
2024-04-20 12:51:47.067638636,90.0,False
2024-04-20 12:51:47.216914177,90.0,False
2024-04-20 12:51:47.843983889,90.0,False
2024-04-20 12:51:48.227241755,90.0,False
2024-04-20 12:51:48.376577139,90.0,False
2024-04-20 12:51:49.022322416,90.0,False
2024-04-20 12:51:49.183422089,90.0,False
2024-04-20 12:51:49.803908825,90.0,False
2024-04-20 12:51:50.066574097,90.0,False
2024-04-20 12:51:50.215855360,90.0,False
2024-04-20 12:51:50.842755318,90.0,False
2024-04-20 12:51:51.067722082,90.0,False
2024-04-20 12:51:51.217003107,90.0,False
2024-04-20 12:51:51.844477177,90.0,False
2024-04-20 12:51:52.067413092,77.9,True
2024-04-20 12:51:52.839152336,90.0,False
2024-04-20 12:51:53.067223310,90.0,False
2024-04-20 12:51:53.850770950,90.0,False
2024-04-20 12:51:54.226967573,90.0,False
2024-04-20 12:51:54.376247883,90.0,False
2024-04-20 12:51:55.003647804,90.0,False
2024-04-20 12:51:55.133468865,90.0,False
2024-04-20 12:51:55.759800911,90.0,False
2024-04-20 12:51:56.067577839,90.0,False
2024-04-20 12:51:56.216857672,90.0,False
2024-04-20 12:51:56.845128298,90.0,False
2024-04-20 12:51:57.183108091,85.4,False
2024-04-20 12:51:57.880048037,82.8,False
2024-04-20 12:51:58.067449093,80.9,False
2024-04-20 12:51:58.840188503,80.9,False
2024-04-20 12:51:59.067155600,72.5,False
2024-04-20 12:51:59.216495037,90.0,False
2024-04-20 12:51:59.854821205,46.2,True
2024-04-20 12:52:00.296459198,90.0,False
2024-04-20 12:52:01.066314936,90.0,False
2024-04-20 12:52:01.861519814,90.0,False
2024-04-20 12:52:02.067196846,90.0,False
2024-04-20 12:52:02.216464758,90.0,False
2024-04-20 12:52:02.837998152,90.0,False
2024-04-20 12:52:03.067518950,90.0,False
2024-04-20 12:52:03.216853142,90.0,False
2024-04-20 12:52:04.067252159,90.0,False
2024-04-20 12:52:04.789049387,90.0,False
2024-04-20 12:52:05.067346096,90.0,False
2024-04-20 12:52:05.216645956,90.0,False
2024-04-20 12:52:05.855551004,90.0,False
2024-04-20 12:52:06.232223511,90.0,False
2024-04-20 12:52:06.381493092,90.0,False
2024-04-20 12:52:07.006662607,90.0,False
2024-04-20 12:52:07.822552204,63.3,True
2024-04-20 12:52:08.068202972,90.0,False
2024-04-20 12:52:08.217527151,90.0,False
2024-04-20 12:52:08.841683388,90.0,False
2024-04-20 12:52:09.067537546,90.0,False
2024-04-20 12:52:09.216872692,90.0,False
2024-04-20 12:52:09.850317240,36.7,True
2024-04-20 12:52:10.067387581,90.0,False
2024-04-20 12:52:10.216679096,90.0,False
2024-04-20 12:52:10.856818914,90.0,False
2024-04-20 12:52:11.181979895,90.0,False
2024-04-20 12:52:11.818254948,90.0,False
2024-04-20 12:52:12.226093769,90.0,False
2024-04-20 12:52:13.066359520,90.0,False
2024-04-20 12:52:13.215624094,90.0,False
2024-04-20 12:52:13.846718311,89.1,False
2024-04-20 12:52:14.066301107,17.6,False
2024-04-20 12:52:14.854041100,87.1,False
2024-04-20 12:52:15.066196917,90.0,False
2024-04-20 12:52:15.215486288,90.0,False
2024-04-20 12:52:15.857196093,80.9,True
2024-04-20 12:52:16.066243887,90.0,False
2024-04-20 12:52:16.215537310,90.0,False
2024-04-20 12:52:17.026703835,76.7,True
2024-04-20 12:52:17.181714058,90.0,False
2024-04-20 12:52:17.821780682,90.0,False
2024-04-20 12:52:18.219685078,90.0,False
2024-04-20 12:52:18.368969440,90.0,False
2024-04-20 12:52:19.005126953,90.0,False
2024-04-20 12:52:19.184092283,90.0,False
2024-04-20 12:52:19.821295261,90.0,False
2024-04-20 12:52:20.069186449,36.7,True
2024-04-20 12:52:20.218464375,90.0,False
2024-04-20 12:52:20.847304344,90.0,False
2024-04-20 12:52:21.069258451,90.0,False
2024-04-20 12:52:21.218521118,52.0,False
2024-04-20 12:52:21.844664097,50.7,False
2024-04-20 12:52:22.069176435,43.7,False
2024-04-20 12:52:22.897372723,90.0,False
2024-04-20 12:52:23.067906618,90.0,False
2024-04-20 12:52:23.217664957,90.0,False
2024-04-20 12:52:23.863660097,90.0,False
2024-04-20 12:52:24.224032402,85.9,False
2024-04-20 12:52:24.373352289,82.0,False
2024-04-20 12:52:25.005485535,81.6,False
2024-04-20 12:52:25.752217531,90.0,False
2024-04-20 12:52:26.064911604,90.0,False
2024-04-20 12:52:26.931976080,90.0,False
2024-04-20 12:52:27.130250930,61.0,False
2024-04-20 12:52:27.802934885,61.9,False
2024-04-20 12:52:28.257775307,90.0,False
2024-04-20 12:52:29.068990946,90.0,False
2024-04-20 12:52:29.938456774,90.0,False
2024-04-20 12:52:30.227057695,90.0,False
2024-04-20 12:52:31.069047689,90.0,False
2024-04-20 12:52:31.766154766,90.0,False
2024-04-20 12:52:31.965561628,90.0,False
2024-04-20 12:52:32.124043226,90.0,False
2024-04-20 12:52:32.517770052,90.0,False
2024-04-20 12:52:32.851006746,90.0,False
2024-04-20 12:52:33.515472889,90.0,False
2024-04-20 12:52:34.356737137,90.0,False
2024-04-20 12:52:34.506593704,90.0,False
2024-04-20 12:52:34.664784908,90.0,False
2024-04-20 12:52:34.874605894,90.0,False
2024-04-20 12:52:35.232440233,90.0,False
2024-04-20 12:52:35.872306108,90.0,False
2024-04-20 12:52:36.032500029,90.0,False
2024-04-20 12:52:36.754789591,60.6,False
2024-04-20 12:52:36.914869785,0.2,False
2024-04-20 12:52:37.562996387,90.0,False
2024-04-20 12:52:37.915956020,90.0,False
2024-04-20 12:52:38.557787657,90.0,False
2024-04-20 12:52:38.915935278,90.0,False
2024-04-20 12:52:39.555164576,90.0,False
2024-04-20 12:52:39.915189028,90.0,False
2024-04-20 12:52:40.847498894,90.0,False
2024-04-20 12:52:41.016223192,90.0,False
2024-04-20 12:52:41.654416084,90.0,False
2024-04-20 12:52:41.916205168,84.8,False
2024-04-20 12:52:42.552282095,79.2,False
2024-04-20 12:52:42.916460514,71.8,False
2024-04-20 12:52:43.552018166,73.7,False
2024-04-20 12:52:43.907907009,90.0,False
2024-04-20 12:52:44.540901184,90.0,False
2024-04-20 12:52:44.908779383,90.0,False
2024-04-20 12:52:45.527214289,90.0,False
2024-04-20 12:52:45.914432287,90.0,False
2024-04-20 12:52:46.547765255,90.0,False
2024-04-20 12:52:46.909212112,90.0,False
2024-04-20 12:52:47.539294481,90.0,False
2024-04-20 12:52:47.908521891,90.0,False
2024-04-20 12:52:48.535555840,88.0,False
2024-04-20 12:52:48.908621073,68.0,False
2024-04-20 12:52:49.535282373,66.9,False
2024-04-20 12:52:49.909038305,71.0,False
2024-04-20 12:52:50.535830736,66.7,False
2024-04-20 12:52:50.908463717,46.3,False
2024-04-20 12:52:51.530240774,41.8,False
2024-04-20 12:52:51.908459902,38.2,False
2024-04-20 12:52:52.526238440,37.2,False
2024-04-20 12:52:52.906224012,36.3,False
2024-04-20 12:52:53.525786638,35.2,False
2024-04-20 12:52:53.908398867,47.3,False
2024-04-20 12:52:54.530573129,12.8,False
2024-04-20 12:52:54.907506704,19.5,False
2024-04-20 12:52:55.538823366,90.0,False
2024-04-20 12:52:55.906339169,86.2,True
2024-04-20 12:52:56.553232431,90.0,False
2024-04-20 12:52:56.906219959,90.0,False
2024-04-20 12:52:57.841216564,90.0,False
2024-04-20 12:52:58.006113768,90.0,False
2024-04-20 12:52:58.651187658,90.0,False
2024-04-20 12:52:58.906421900,90.0,False
2024-04-20 12:52:59.549768686,90.0,False
2024-04-20 12:52:59.905726910,90.0,False
2024-04-20 12:53:00.827528954,64.9,False
2024-04-20 12:53:01.545266867,53.5,False
2024-04-20 12:53:01.878403425,51.2,False
2024-04-20 12:53:02.505490780,50.0,False
2024-04-20 12:53:02.686109781,90.0,False
2024-04-20 12:53:03.549609423,90.0,False
2024-04-20 12:53:03.702406645,90.0,False
2024-04-20 12:53:04.345762491,90.0,False
2024-04-20 12:53:04.586611032,90.0,False
2024-04-20 12:53:05.214518785,90.0,False
2024-04-20 12:53:05.586586475,90.0,False
2024-04-20 12:53:06.217452765,90.0,False
2024-04-20 12:53:06.586272240,90.0,False
2024-04-20 12:53:07.217088461,90.0,False
2024-04-20 12:53:07.587056160,90.0,False
2024-04-20 12:53:08.219096422,90.0,False
2024-04-20 12:53:08.586885929,90.0,False
2024-04-20 12:53:09.220048904,90.0,False
2024-04-20 12:53:09.587105989,90.0,False
2024-04-20 12:53:10.219525099,90.0,False
2024-04-20 12:53:10.578533411,90.0,False
2024-04-20 12:53:11.211502552,90.0,False
2024-04-20 12:53:11.579562902,90.0,False
2024-04-20 12:53:12.204930067,16.3,True
2024-04-20 12:53:12.585127115,90.0,False
2024-04-20 12:53:13.217782021,90.0,False
2024-04-20 12:53:13.579629898,90.0,False
2024-04-20 12:53:14.212719679,90.0,False
2024-04-20 12:53:14.579089403,90.0,False
2024-04-20 12:53:15.202472687,90.0,False
2024-04-20 12:53:15.579420567,90.0,False
2024-04-20 12:53:16.213439703,90.0,False
2024-04-20 12:53:16.579732180,90.0,False
2024-04-20 12:53:17.214066029,90.0,False
2024-04-20 12:53:17.576756001,90.0,False
2024-04-20 12:53:18.206299543,90.0,False
2024-04-20 12:53:18.576735497,90.0,False
2024-04-20 12:53:19.209231138,90.0,False
2024-04-20 12:53:19.576850891,90.0,False
2024-04-20 12:53:20.211949825,90.0,False
2024-04-20 12:53:20.579215527,90.0,False
2024-04-20 12:53:21.211553097,90.0,False
2024-04-20 12:53:21.578183174,90.0,False
2024-04-20 12:53:22.207156181,90.0,False
2024-04-20 12:53:22.579280853,90.0,False
2024-04-20 12:53:23.212304354,90.0,False
2024-04-20 12:53:23.579249382,90.0,False
2024-04-20 12:53:24.211951256,90.0,False
2024-04-20 12:53:24.579257965,90.0,False
2024-04-20 12:53:25.208996773,80.0,True
2024-04-20 12:53:25.576986790,90.0,False
2024-04-20 12:53:26.209178686,90.0,False
2024-04-20 12:53:26.576805592,90.0,False
2024-04-20 12:53:27.209437609,90.0,False
2024-04-20 12:53:27.577122450,90.0,False
2024-04-20 12:53:28.207985163,90.0,False
2024-04-20 12:53:28.579586506,90.0,False
2024-04-20 12:53:29.206958294,90.0,False
2024-04-20 12:53:29.581052780,90.0,False
2024-04-20 12:53:30.214488745,90.0,False
2024-04-20 12:53:30.579133511,90.0,False
2024-04-20 12:53:31.212783813,90.0,False
2024-04-20 12:53:31.579248428,90.0,False
2024-04-20 12:53:32.212696075,90.0,False
2024-04-20 12:53:32.578222990,90.0,False
2024-04-20 12:53:33.211738110,90.0,False
2024-04-20 12:53:33.577085018,90.0,False
2024-04-20 12:53:34.210464478,90.0,False
2024-04-20 12:53:34.577255487,90.0,False
2024-04-20 12:53:35.204000235,90.0,False
2024-04-20 12:53:35.584005356,90.0,False
2024-04-20 12:53:36.218000889,90.0,False
2024-04-20 12:53:36.579005718,90.0,False
2024-04-20 12:53:37.212879419,90.0,False
2024-04-20 12:53:37.578931808,90.0,False
2024-04-20 12:53:38.212783098,90.0,False
2024-04-20 12:53:38.578972578,90.0,False
2024-04-20 12:53:39.202550888,90.0,False
2024-04-20 12:53:39.577991486,90.0,False
2024-04-20 12:53:40.203670740,90.0,False
2024-04-20 12:53:40.577037096,90.0,False
2024-04-20 12:53:40.723717690,90.0,False
2024-04-20 12:53:41.356970310,90.0,False
2024-04-20 12:53:41.580805779,90.0,False
2024-04-20 12:53:42.216418743,90.0,False
2024-04-20 12:53:42.577310324,90.0,False
2024-04-20 12:53:42.723995686,90.0,False
2024-04-20 12:53:43.358722925,90.0,False
2024-04-20 12:53:43.577324629,10.9,False
2024-04-20 12:53:43.724004507,4.8,False
2024-04-20 12:53:44.347725391,5.6,False
2024-04-20 12:53:44.578058958,6.6,False
2024-04-20 12:53:44.711387396,8.8,False
2024-04-20 12:53:45.337215900,7.7,False
2024-04-20 12:53:45.577320099,10.5,False
2024-04-20 12:53:45.723995924,9.2,False
2024-04-20 12:53:46.349752903,9.7,False
2024-04-20 12:53:46.577810764,9.6,False
2024-04-20 12:53:46.724482775,10.5,False
2024-04-20 12:53:47.350148916,13.7,False
2024-04-20 12:53:47.578388691,90.0,False
2024-04-20 12:53:48.213330507,90.0,False
2024-04-20 12:53:48.578409910,90.0,False
2024-04-20 12:53:48.725081444,90.0,False
2024-04-20 12:53:49.348229647,90.0,False
2024-04-20 12:53:49.578334570,90.0,False
2024-04-20 12:53:49.725021601,90.0,False
2024-04-20 12:53:50.358909845,90.0,False
2024-04-20 12:53:50.577374458,90.0,False
2024-04-20 12:53:50.724020958,90.0,False
2024-04-20 12:53:51.357921839,90.0,False
2024-04-20 12:53:51.577410460,90.0,False
2024-04-20 12:53:51.724078417,77.2,True
2024-04-20 12:53:52.348969936,90.0,False
2024-04-20 12:53:52.577854156,90.0,False
2024-04-20 12:53:52.724530697,90.0,False
2024-04-20 12:53:53.357559443,90.0,False
2024-04-20 12:53:53.577197075,90.0,False
2024-04-20 12:53:54.211111784,90.0,False
2024-04-20 12:53:54.577158689,90.0,False
2024-04-20 12:53:55.211120367,90.0,False
2024-04-20 12:53:55.577366829,90.0,False
2024-04-20 12:53:56.211335897,90.0,False
2024-04-20 12:53:56.577138186,90.0,False
2024-04-20 12:53:57.208395958,90.0,False
2024-04-20 12:53:57.577307701,90.0,False
2024-04-20 12:53:58.210477114,90.0,False
2024-04-20 12:53:58.577857494,90.0,False
2024-04-20 12:53:59.211059570,90.0,False
2024-04-20 12:53:59.576718807,90.0,False
2024-04-20 12:54:00.199639559,90.0,False
2024-04-20 12:54:00.580155134,90.0,False
2024-04-20 12:54:01.214435101,90.0,False
2024-04-20 12:54:01.576626301,90.0,False
2024-04-20 12:54:02.209955692,90.0,False
2024-04-20 12:54:02.577078819,90.0,False
2024-04-20 12:54:03.211792946,90.0,False
2024-04-20 12:54:03.576917171,90.0,False
2024-04-20 12:54:04.210345507,90.0,False
2024-04-20 12:54:04.577027082,90.0,False
2024-04-20 12:54:05.211186171,90.0,False
2024-04-20 12:54:05.577239037,90.0,False
2024-04-20 12:54:05.723921061,90.0,False
2024-04-20 12:54:06.357976913,90.0,False
2024-04-20 12:54:06.580158472,90.0,False
2024-04-20 12:54:07.212812901,90.0,False
2024-04-20 12:54:07.577321768,90.0,False
2024-04-20 12:54:07.702366114,90.0,False
2024-04-20 12:54:08.325678110,90.0,False
2024-04-20 12:54:08.576283693,90.0,False
2024-04-20 12:54:08.722963810,90.0,False
2024-04-20 12:54:09.356236219,90.0,False
2024-04-20 12:54:09.576802015,90.0,False
2024-04-20 12:54:09.723485708,90.0,False
2024-04-20 12:54:10.349531174,90.0,False
2024-04-20 12:54:10.577060461,90.0,False
2024-04-20 12:54:10.723746300,90.0,False
2024-04-20 12:54:11.358622551,90.0,False
2024-04-20 12:54:11.576916933,90.0,False
2024-04-20 12:54:11.701971769,90.0,False
2024-04-20 12:54:12.324497223,90.0,False
2024-04-20 12:54:12.576259136,90.0,False
2024-04-20 12:54:12.701307297,90.0,False
2024-04-20 12:54:13.322979927,90.0,False
2024-04-20 12:54:13.577101707,90.0,False
2024-04-20 12:54:14.206835985,90.0,False
2024-04-20 12:54:14.576995850,90.0,False
2024-04-20 12:54:14.702051401,90.0,False
2024-04-20 12:54:15.322683811,90.0,False
2024-04-20 12:54:15.577066898,90.0,False
2024-04-20 12:54:15.702114582,90.0,False
2024-04-20 12:54:16.336327076,90.0,False
2024-04-20 12:54:16.577252626,90.0,False
2024-04-20 12:54:17.211853266,90.0,False
2024-04-20 12:54:17.577032089,90.0,False
2024-04-20 12:54:17.702078104,90.0,False
2024-04-20 12:54:18.328199148,90.0,False
2024-04-20 12:54:18.576679707,90.0,False
2024-04-20 12:54:18.723361492,90.0,False
2024-04-20 12:54:19.357437849,90.0,False
2024-04-20 12:54:19.576351643,90.0,False
2024-04-20 12:54:20.210382700,90.0,False
2024-04-20 12:54:20.576683283,90.0,False
2024-04-20 12:54:20.723353148,90.0,False
2024-04-20 12:54:21.357540607,90.0,False
2024-04-20 12:54:21.576910019,90.0,False
2024-04-20 12:54:21.710332632,90.0,False
2024-04-20 12:54:22.343960285,90.0,False
2024-04-20 12:54:22.576970339,90.0,False
2024-04-20 12:54:22.731979609,90.0,False
2024-04-20 12:54:23.366080046,90.0,False
2024-04-20 12:54:23.576836586,90.0,False
2024-04-20 12:54:23.723519802,90.0,False
2024-04-20 12:54:24.356979609,90.0,False
2024-04-20 12:54:24.576855898,90.0,False
2024-04-20 12:54:24.723540306,90.0,False
2024-04-20 12:54:25.356994867,90.0,False
2024-04-20 12:54:25.576932192,90.0,False
2024-04-20 12:54:25.723613977,90.0,False
2024-04-20 12:54:26.356792688,90.0,False
2024-04-20 12:54:26.576912403,90.0,False
2024-04-20 12:54:26.723593950,90.0,False
2024-04-20 12:54:27.356735945,90.0,False
2024-04-20 12:54:27.576669693,90.0,False
2024-04-20 12:54:27.723351002,90.0,False
2024-04-20 12:54:28.356447697,90.0,False
2024-04-20 12:54:28.577117205,90.0,False
2024-04-20 12:54:28.723810911,90.0,False
2024-04-20 12:54:29.357621193,90.0,False
2024-04-20 12:54:29.576731443,90.0,False
2024-04-20 12:54:29.723417521,90.0,False
2024-04-20 12:54:30.356556892,90.0,False
2024-04-20 12:54:30.576251507,90.0,False
2024-04-20 12:54:31.198848963,90.0,False
2024-04-20 12:54:31.576731443,90.0,False
2024-04-20 12:54:31.693647385,6.2,False
2024-04-20 12:54:32.310651302,4.1,False
2024-04-20 12:54:32.576790094,2.5,False
2024-04-20 12:54:33.202171564,2.8,False
2024-04-20 12:54:33.576765776,3.0,False
2024-04-20 12:54:33.723441362,2.4,False
2024-04-20 12:54:34.349020004,2.6,False
2024-04-20 12:54:34.577114820,2.9,False
2024-04-20 12:54:34.694034338,3.7,False
2024-04-20 12:54:35.316409111,90.0,False
2024-04-20 12:54:35.576817989,90.0,False
2024-04-20 12:54:36.210119486,90.0,False
2024-04-20 12:54:36.577005148,90.0,False
2024-04-20 12:54:37.210088015,90.0,False
2024-04-20 12:54:37.577012777,90.0,False
2024-04-20 12:54:38.212129593,90.0,False
2024-04-20 12:54:38.576830864,90.0,False
2024-04-20 12:54:39.205490351,90.0,False
2024-04-20 12:54:39.576879978,90.0,False
2024-04-20 12:54:40.215087652,90.0,False
2024-04-20 12:54:40.577028513,90.0,False
2024-04-20 12:54:41.210829496,90.0,False
2024-04-20 12:54:41.575903416,90.0,False
2024-04-20 12:54:42.210806608,90.0,False
2024-04-20 12:54:42.576683044,90.0,False
2024-04-20 12:54:43.206939697,90.0,False
2024-04-20 12:54:43.577183485,90.0,False
2024-04-20 12:54:44.212523937,90.0,False
2024-04-20 12:54:44.576662779,90.0,False
2024-04-20 12:54:45.214706421,90.0,False
2024-04-20 12:54:45.576959848,90.0,False
2024-04-20 12:54:46.220757484,90.0,False
2024-04-20 12:54:46.577052116,90.0,False
2024-04-20 12:54:47.207957029,90.0,False
2024-04-20 12:54:47.576797485,90.0,False
2024-04-20 12:54:48.204867125,90.0,False
2024-04-20 12:54:48.576301098,90.0,False
2024-04-20 12:54:48.701459646,90.0,False
2024-04-20 12:54:49.326100826,90.0,False
2024-04-20 12:54:49.577320337,90.0,False
2024-04-20 12:54:49.723974705,90.0,False
2024-04-20 12:54:50.359870911,90.0,False
2024-04-20 12:54:50.576941013,90.0,False
2024-04-20 12:54:50.723621845,90.0,False
2024-04-20 12:54:51.358440638,90.0,False
2024-04-20 12:54:51.577021837,90.0,False
2024-04-20 12:54:51.723706007,90.0,False
2024-04-20 12:54:52.357920885,90.0,False
2024-04-20 12:54:52.577300310,90.0,False
2024-04-20 12:54:52.723953485,90.0,False
2024-04-20 12:54:53.362102032,90.0,False
2024-04-20 12:54:53.578322172,90.0,False
2024-04-20 12:54:53.725006580,90.0,False
2024-04-20 12:54:54.364135981,90.0,False
2024-04-20 12:54:54.577146769,90.0,False
2024-04-20 12:54:54.723813534,90.0,False
2024-04-20 12:54:55.364501953,90.0,False
2024-04-20 12:54:55.577161789,90.0,False
2024-04-20 12:54:55.723827124,90.0,False
2024-04-20 12:54:56.364622116,90.0,False
2024-04-20 12:54:56.576999187,90.0,False
2024-04-20 12:54:56.723678350,90.0,False
2024-04-20 12:54:57.357497931,90.0,False
2024-04-20 12:54:57.576833487,90.0,False
2024-04-20 12:54:58.211428165,90.0,False
2024-04-20 12:54:58.577215910,90.0,False
2024-04-20 12:54:58.723874807,90.0,False
2024-04-20 12:54:59.358591795,90.0,False
2024-04-20 12:54:59.576347113,90.0,False
2024-04-20 12:54:59.723027945,90.0,False
2024-04-20 12:55:00.357548714,90.0,False
2024-04-20 12:55:00.576986790,90.0,False
2024-04-20 12:55:00.723664999,90.0,False
2024-04-20 12:55:01.358298779,90.0,False
2024-04-20 12:55:01.577243090,90.0,False
2024-04-20 12:55:01.723915100,90.0,False
2024-04-20 12:55:02.348164558,90.0,False
2024-04-20 12:55:02.576943398,90.0,False
2024-04-20 12:55:02.723634958,90.0,False
2024-04-20 12:55:03.358092308,90.0,False
2024-04-20 12:55:03.576921701,90.0,False
2024-04-20 12:55:03.701968193,90.0,False
2024-04-20 12:55:04.326290369,90.0,False
2024-04-20 12:55:04.577145576,90.0,False
2024-04-20 12:55:04.723814487,90.0,False
2024-04-20 12:55:05.358079433,90.0,False
2024-04-20 12:55:05.577027559,90.0,False
2024-04-20 12:55:05.723711491,90.0,False
2024-04-20 12:55:06.358359814,90.0,False
2024-04-20 12:55:06.576985359,90.0,False
2024-04-20 12:55:07.213188410,90.0,False
2024-04-20 12:55:07.577194929,90.0,False
2024-04-20 12:55:07.723853111,90.0,False
2024-04-20 12:55:08.360103846,90.0,False
2024-04-20 12:55:08.577026606,90.0,False
2024-04-20 12:55:08.723716497,90.0,False
2024-04-20 12:55:09.360116243,90.0,False
2024-04-20 12:55:09.577032804,90.0,False
2024-04-20 12:55:09.723714828,90.0,False
2024-04-20 12:55:10.357955217,90.0,False
2024-04-20 12:55:10.576782703,90.0,False
2024-04-20 12:55:10.723450422,90.0,False
2024-04-20 12:55:11.359507561,90.0,False
2024-04-20 12:55:11.577194452,90.0,False
2024-04-20 12:55:11.732183218,90.0,False
2024-04-20 12:55:12.367938042,90.0,False
2024-04-20 12:55:12.577423096,2.3,True
2024-04-20 12:55:12.732407093,90.0,False
2024-04-20 12:55:13.364870071,90.0,False
2024-04-20 12:55:13.577936649,90.0,False
2024-04-20 12:55:13.732958794,90.0,False
2024-04-20 12:55:14.360872984,90.0,False
2024-04-20 12:55:14.577186108,90.0,False
2024-04-20 12:55:14.710600853,90.0,False
2024-04-20 12:55:15.340610027,90.0,False
2024-04-20 12:55:15.577202797,90.0,False
2024-04-20 12:55:15.723867416,90.0,False
2024-04-20 12:55:16.358770370,90.0,False
2024-04-20 12:55:16.577309608,90.0,False
2024-04-20 12:55:16.723964691,90.0,False
2024-04-20 12:55:17.358485699,90.0,False
2024-04-20 12:55:17.576328039,90.0,False
2024-04-20 12:55:17.723020554,90.0,False
2024-04-20 12:55:18.358844519,90.0,False
2024-04-20 12:55:18.576982737,90.0,False
2024-04-20 12:55:18.723670721,90.0,False
2024-04-20 12:55:19.358210564,90.0,False
2024-04-20 12:55:19.577075481,90.0,False
2024-04-20 12:55:20.208173275,90.0,False
2024-04-20 12:55:20.576917171,90.0,False
2024-04-20 12:55:21.205292463,90.0,False
2024-04-20 12:55:21.576200485,90.0,False
2024-04-20 12:55:22.200685024,90.0,False
2024-04-20 12:55:22.576977253,90.0,False
2024-04-20 12:55:23.208852053,90.0,False
2024-04-20 12:55:23.576894760,90.0,False
2024-04-20 12:55:24.211254358,90.0,False
2024-04-20 12:55:24.576875687,90.0,False
2024-04-20 12:55:25.211642981,90.0,False
2024-04-20 12:55:25.576946735,90.0,False
2024-04-20 12:55:26.211218596,90.0,False
2024-04-20 12:55:26.576718092,90.0,False
2024-04-20 12:55:27.210916042,90.0,False
2024-04-20 12:55:27.576561213,90.0,False
2024-04-20 12:55:28.210682154,90.0,False
2024-04-20 12:55:28.576335192,90.0,False
2024-04-20 12:55:29.210598707,90.0,False
2024-04-20 12:55:29.576971292,90.0,False
2024-04-20 12:55:30.211466789,90.0,False
2024-04-20 12:55:30.577019691,90.0,False
2024-04-20 12:55:31.211193085,60.6,False
2024-04-20 12:55:31.577262878,57.9,False
2024-04-20 12:55:32.211331606,90.0,False
2024-04-20 12:55:32.576931000,90.0,False
2024-04-20 12:55:33.204251289,90.0,False
2024-04-20 12:55:33.576934099,90.0,False
2024-04-20 12:55:34.198640108,90.0,False
2024-04-20 12:55:34.577138424,3.1,False
2024-04-20 12:55:35.203068495,4.3,False
2024-04-20 12:55:35.577271700,3.5,False
2024-04-20 12:55:35.702382803,6.9,False
2024-04-20 12:55:36.326623440,6.6,False
2024-04-20 12:55:36.577311993,3.8,False
2024-04-20 12:55:37.195973635,4.6,False
2024-04-20 12:55:37.577283144,5.3,False
2024-04-20 12:55:38.201525450,4.4,False
2024-04-20 12:55:38.576977491,6.8,False
2024-04-20 12:55:39.201977015,5.8,False
2024-04-20 12:55:39.576645136,47.2,False
2024-04-20 12:55:40.202082872,14.2,False
2024-04-20 12:55:40.577236891,90.0,False
2024-04-20 12:55:41.209162951,90.0,False
2024-04-20 12:55:41.576771021,90.0,False
2024-04-20 12:55:42.200560093,90.0,False
2024-04-20 12:55:42.577146053,90.0,False
2024-04-20 12:55:43.210421801,90.0,False
2024-04-20 12:55:43.577215910,90.0,False
2024-04-20 12:55:44.211473703,90.0,False
2024-04-20 12:55:44.577007055,90.0,False
2024-04-20 12:55:45.211306334,90.0,False
2024-04-20 12:55:45.576998711,90.0,False
2024-04-20 12:55:46.211705446,90.0,False
2024-04-20 12:55:46.577297211,90.0,False
2024-04-20 12:55:47.212318420,90.0,False
2024-04-20 12:55:47.577013016,90.0,False
2024-04-20 12:55:48.212612152,90.0,False
2024-04-20 12:55:48.578047991,90.0,False
2024-04-20 12:55:48.724731922,90.0,False
2024-04-20 12:55:49.359072685,90.0,False
2024-04-20 12:55:49.578210354,90.0,False
2024-04-20 12:55:50.211940289,90.0,False
2024-04-20 12:55:50.579126835,90.0,False
2024-04-20 12:55:51.215244293,90.0,False
2024-04-20 12:55:51.580138445,90.0,False
2024-04-20 12:55:52.213803291,90.0,False
2024-04-20 12:55:52.580167532,90.0,False
2024-04-20 12:55:53.214302063,90.0,False
2024-04-20 12:55:53.580158472,90.0,False
2024-04-20 12:55:54.214275360,90.0,False
2024-04-20 12:55:54.579974174,90.0,False
2024-04-20 12:55:55.215225697,90.0,False
2024-04-20 12:55:55.580492973,90.0,False
2024-04-20 12:55:56.209922552,90.0,False
